/*
Navicat MySQL Data Transfer

Source Server         : 本机数据库
Source Server Version : 50505
Source Host           : localhost:3306
Source Database       : blog

Target Server Type    : MYSQL
Target Server Version : 50505
File Encoding         : 65001

Date: 2018-01-24 15:55:17
*/

SET FOREIGN_KEY_CHECKS=0;

-- ----------------------------
-- Table structure for `admin`
-- ----------------------------
DROP TABLE IF EXISTS `admin`;
CREATE TABLE `admin` (
  `id` int(11) NOT NULL AUTO_INCREMENT COMMENT '自增ID',
  `username` varchar(255) NOT NULL COMMENT '用户名',
  `auth_key` varchar(32) NOT NULL COMMENT '自动登录key',
  `password_hash` varchar(255) NOT NULL COMMENT '加密密码',
  `password_reset_token` varchar(255) DEFAULT NULL COMMENT '重置密码token',
  `email_validate_token` varchar(255) DEFAULT NULL COMMENT '邮箱验证token',
  `email` varchar(255) NOT NULL COMMENT '邮箱',
  `role` smallint(6) NOT NULL DEFAULT '10' COMMENT '角色等级',
  `status` smallint(6) NOT NULL DEFAULT '10' COMMENT '状态',
  `avatar` varchar(255) DEFAULT NULL COMMENT '头像',
  `vip_lv` int(11) DEFAULT '0' COMMENT 'vip等级',
  `created_at` int(11) NOT NULL COMMENT '创建时间',
  `updated_at` int(11) NOT NULL,
  PRIMARY KEY (`id`)
) ENGINE=InnoDB AUTO_INCREMENT=561 DEFAULT CHARSET=utf8 COMMENT='管理员表';

-- ----------------------------
-- Records of admin
-- ----------------------------
INSERT INTO `admin` VALUES ('560', 'admin', 'Mra8gIuhauf-Jlhf1WPtoaIGPmeAXnFQ', '$2y$13$Kwo5.hhXFSUWV7Ltwc9hfeCH6XMc3Wld5cxidxTg1TIxq9qDpQcT2', null, null, '617588782@qq.com', '10', '10', null, '0', '1514880651', '1514880651');

-- ----------------------------
-- Table structure for `cats`
-- ----------------------------
DROP TABLE IF EXISTS `cats`;
CREATE TABLE `cats` (
  `id` int(11) NOT NULL AUTO_INCREMENT COMMENT '自增ID',
  `cat_name` varchar(255) DEFAULT NULL COMMENT '分类名称',
  PRIMARY KEY (`id`)
) ENGINE=InnoDB AUTO_INCREMENT=3 DEFAULT CHARSET=utf8 COMMENT='分类表';

-- ----------------------------
-- Records of cats
-- ----------------------------
INSERT INTO `cats` VALUES ('1', 'A类');
INSERT INTO `cats` VALUES ('2', 'B类');

-- ----------------------------
-- Table structure for `feeds`
-- ----------------------------
DROP TABLE IF EXISTS `feeds`;
CREATE TABLE `feeds` (
  `id` int(11) NOT NULL AUTO_INCREMENT,
  `user_id` int(11) NOT NULL COMMENT '用户id',
  `content` varchar(255) NOT NULL COMMENT '内容',
  `created_at` int(11) NOT NULL COMMENT '创建时间',
  PRIMARY KEY (`id`)
) ENGINE=MyISAM AUTO_INCREMENT=24 DEFAULT CHARSET=utf8 COMMENT='聊天信息表';

-- ----------------------------
-- Records of feeds
-- ----------------------------
INSERT INTO `feeds` VALUES ('1', '561', '111', '1515747989');
INSERT INTO `feeds` VALUES ('10', '561', 'ewrwer', '1515747989');
INSERT INTO `feeds` VALUES ('11', '560', '1516180609', '1516180609');
INSERT INTO `feeds` VALUES ('12', '560', '1516180609', '1516180609');
INSERT INTO `feeds` VALUES ('13', '560', 'afafs', '0');
INSERT INTO `feeds` VALUES ('14', '560', '', '0');
INSERT INTO `feeds` VALUES ('15', '560', '', '0');
INSERT INTO `feeds` VALUES ('16', '560', '', '0');
INSERT INTO `feeds` VALUES ('17', '561', '', '0');
INSERT INTO `feeds` VALUES ('18', '561', '', '0');
INSERT INTO `feeds` VALUES ('19', '561', '', '0');
INSERT INTO `feeds` VALUES ('20', '561', '', '0');
INSERT INTO `feeds` VALUES ('21', '560', '', '0');
INSERT INTO `feeds` VALUES ('22', '561', '安抚', '1516614700');
INSERT INTO `feeds` VALUES ('23', '561', 'php大法好', '1516614767');

-- ----------------------------
-- Table structure for `posts`
-- ----------------------------
DROP TABLE IF EXISTS `posts`;
CREATE TABLE `posts` (
  `id` int(11) NOT NULL AUTO_INCREMENT COMMENT '自增ID',
  `title` varchar(255) DEFAULT NULL COMMENT '标题',
  `summary` varchar(255) DEFAULT NULL COMMENT '摘要',
  `content` text COMMENT '内容',
  `label_img` varchar(255) DEFAULT NULL COMMENT '标签图',
  `cat_id` int(11) DEFAULT NULL COMMENT '分类id',
  `user_id` int(11) DEFAULT NULL COMMENT '用户id',
  `user_name` varchar(255) DEFAULT NULL COMMENT '用户名',
  `is_valid` tinyint(1) DEFAULT '0' COMMENT '是否有效：0-未发布 1-已发布',
  `created_at` int(11) DEFAULT NULL COMMENT '创建时间',
  `updated_at` int(11) DEFAULT NULL COMMENT '更新时间',
  PRIMARY KEY (`id`),
  KEY `idx_cat_valid` (`cat_id`,`is_valid`) USING BTREE
) ENGINE=InnoDB AUTO_INCREMENT=28 DEFAULT CHARSET=utf8 COMMENT='文章主表';

-- ----------------------------
-- Records of posts
-- ----------------------------
INSERT INTO `posts` VALUES ('16', '测试测试', '测试', '<p>测试</p>', '/image/20180112/1515747980743546.jpg', '1', '561', 'test', '1', '1515747989', '1515747989');
INSERT INTO `posts` VALUES ('17', '21213', '13322222222', '<p>13322222222</p>', '/image/20180112/1515748619345932.jpg', '1', '561', 'test', '1', '1515748650', '1515748650');
INSERT INTO `posts` VALUES ('18', '添加标签', '测试', '<p>测试</p>', '/image/20180112/1515749222100905.jpg', '1', '561', 'test', '1', '1515749236', '1515749236');
INSERT INTO `posts` VALUES ('19', '添加标签2', '测试测试', '<p>测试测试</p>', '/image/20180112/1515749279606705.jpg', '2', '561', 'test', '1', '1515749287', '1515749287');
INSERT INTO `posts` VALUES ('20', '个人博客', '$config = array ( &nbsp; &nbsp;//应用ID,您的APPID。\r\n &nbsp; &nbsp;&#39;app_id&#39; =&gt; &quot', '<p><span style=\"color: rgb(68, 68, 68); font-family: Menlo, Monaco, Consolas, &quot;Courier New&quot;, monospace; font-size: 13px; white-space: pre-wrap; background-color: rgb(240, 240, 240);\">$config = </span><span class=\"hljs-keyword\" style=\"box-sizing: border-box; font-weight: bold; color: rgb(68, 68, 68); font-family: Menlo, Monaco, Consolas, &quot;Courier New&quot;, monospace; font-size: 13px; white-space: pre-wrap;\">array</span><span style=\"color: rgb(68, 68, 68); font-family: Menlo, Monaco, Consolas, &quot;Courier New&quot;, monospace; font-size: 13px; white-space: pre-wrap; background-color: rgb(240, 240, 240);\"> ( &nbsp; &nbsp;</span><span class=\"hljs-comment\" style=\"box-sizing: border-box; color: rgb(136, 136, 136); font-family: Menlo, Monaco, Consolas, &quot;Courier New&quot;, monospace; font-size: 13px; white-space: pre-wrap;\">//应用ID,您的APPID。</span><span style=\"color: rgb(68, 68, 68); font-family: Menlo, Monaco, Consolas, &quot;Courier New&quot;, monospace; font-size: 13px; white-space: pre-wrap; background-color: rgb(240, 240, 240);\">\r\n &nbsp; &nbsp;</span><span class=\"hljs-string\" style=\"box-sizing: border-box; color: rgb(136, 0, 0); font-family: Menlo, Monaco, Consolas, &quot;Courier New&quot;, monospace; font-size: 13px; white-space: pre-wrap;\">&#39;app_id&#39;</span><span style=\"color: rgb(68, 68, 68); font-family: Menlo, Monaco, Consolas, &quot;Courier New&quot;, monospace; font-size: 13px; white-space: pre-wrap; background-color: rgb(240, 240, 240);\"> =&gt; </span><span class=\"hljs-string\" style=\"box-sizing: border-box; color: rgb(136, 0, 0); font-family: Menlo, Monaco, Consolas, &quot;Courier New&quot;, monospace; font-size: 13px; white-space: pre-wrap;\">&quot;20xxxxxxxx69&quot;</span><span style=\"color: rgb(68, 68, 68); font-family: Menlo, Monaco, Consolas, &quot;Courier New&quot;, monospace; font-size: 13px; white-space: pre-wrap; background-color: rgb(240, 240, 240);\">, &nbsp; &nbsp;</span><span class=\"hljs-comment\" style=\"box-sizing: border-box; color: rgb(136, 136, 136); font-family: Menlo, Monaco, Consolas, &quot;Courier New&quot;, monospace; font-size: 13px; white-space: pre-wrap;\">//商户私钥，您的原始格式私钥,一行字符串</span><span style=\"color: rgb(68, 68, 68); font-family: Menlo, Monaco, Consolas, &quot;Courier New&quot;, monospace; font-size: 13px; white-space: pre-wrap; background-color: rgb(240, 240, 240);\">\r\n &nbsp; &nbsp;</span><span class=\"hljs-string\" style=\"box-sizing: border-box; color: rgb(136, 0, 0); font-family: Menlo, Monaco, Consolas, &quot;Courier New&quot;, monospace; font-size: 13px; white-space: pre-wrap;\">&#39;merchant_private_key&#39;</span><span style=\"color: rgb(68, 68, 68); font-family: Menlo, Monaco, Consolas, &quot;Courier New&quot;, monospace; font-size: 13px; white-space: pre-wrap; background-color: rgb(240, 240, 240);\"> =&gt; </span><span class=\"hljs-string\" style=\"box-sizing: border-box; color: rgb(136, 0, 0); font-family: Menlo, Monaco, Consolas, &quot;Courier New&quot;, monospace; font-size: 13px; white-space: pre-wrap;\">&quot;xxxxxx&quot;</span><span style=\"color: rgb(68, 68, 68); font-family: Menlo, Monaco, Consolas, &quot;Courier New&quot;, monospace; font-size: 13px; white-space: pre-wrap; background-color: rgb(240, 240, 240);\">, &nbsp; &nbsp;</span><span class=\"hljs-comment\" style=\"box-sizing: border-box; color: rgb(136, 136, 136); font-family: Menlo, Monaco, Consolas, &quot;Courier New&quot;, monospace; font-size: 13px; white-space: pre-wrap;\">//商户应用公钥,一行字符串</span><span style=\"color: rgb(68, 68, 68); font-family: Menlo, Monaco, Consolas, &quot;Courier New&quot;, monospace; font-size: 13px; white-space: pre-wrap; background-color: rgb(240, 240, 240);\">\r\n &nbsp; &nbsp;</span><span class=\"hljs-string\" style=\"box-sizing: border-box; color: rgb(136, 0, 0); font-family: Menlo, Monaco, Consolas, &quot;Courier New&quot;, monospace; font-size: 13px; white-space: pre-wrap;\">&#39;merchant_public_key&#39;</span><span style=\"color: rgb(68, 68, 68); font-family: Menlo, Monaco, Consolas, &quot;Courier New&quot;, monospace; font-size: 13px; white-space: pre-wrap; background-color: rgb(240, 240, 240);\"> =&gt; </span><span class=\"hljs-string\" style=\"box-sizing: border-box; color: rgb(136, 0, 0); font-family: Menlo, Monaco, Consolas, &quot;Courier New&quot;, monospace; font-size: 13px; white-space: pre-wrap;\">&quot;xxxxxxxx&quot;</span><span style=\"color: rgb(68, 68, 68); font-family: Menlo, Monaco, Consolas, &quot;Courier New&quot;, monospace; font-size: 13px; white-space: pre-wrap; background-color: rgb(240, 240, 240);\">, &nbsp; &nbsp;</span><span class=\"hljs-comment\" style=\"box-sizing: border-box; color: rgb(136, 136, 136); font-family: Menlo, Monaco, Consolas, &quot;Courier New&quot;, monospace; font-size: 13px; white-space: pre-wrap;\">//支付宝公钥,查看地址：https://openhome.alipay.com/platform/keyManage.htm 对应APPID下的支付宝公钥。</span><span style=\"color: rgb(68, 68, 68); font-family: Menlo, Monaco, Consolas, &quot;Courier New&quot;, monospace; font-size: 13px; white-space: pre-wrap; background-color: rgb(240, 240, 240);\">\r\n &nbsp; &nbsp;</span><span class=\"hljs-string\" style=\"box-sizing: border-box; color: rgb(136, 0, 0); font-family: Menlo, Monaco, Consolas, &quot;Courier New&quot;, monospace; font-size: 13px; white-space: pre-wrap;\">&#39;alipay_public_key&#39;</span><span style=\"color: rgb(68, 68, 68); font-family: Menlo, Monaco, Consolas, &quot;Courier New&quot;, monospace; font-size: 13px; white-space: pre-wrap; background-color: rgb(240, 240, 240);\"> =&gt; </span><span class=\"hljs-string\" style=\"box-sizing: border-box; color: rgb(136, 0, 0); font-family: Menlo, Monaco, Consolas, &quot;Courier New&quot;, monospace; font-size: 13px; white-space: pre-wrap;\">&quot;xxxxxx&quot;</span><span style=\"color: rgb(68, 68, 68); font-family: Menlo, Monaco, Consolas, &quot;Courier New&quot;, monospace; font-size: 13px; white-space: pre-wrap; background-color: rgb(240, 240, 240);\">, &nbsp; &nbsp;</span><span class=\"hljs-comment\" style=\"box-sizing: border-box; color: rgb(136, 136, 136); font-family: Menlo, Monaco, Consolas, &quot;Courier New&quot;, monospace; font-size: 13px; white-space: pre-wrap;\">//编码格式只支持GBK。</span><span style=\"color: rgb(68, 68, 68); font-family: Menlo, Monaco, Consolas, &quot;Courier New&quot;, monospace; font-size: 13px; white-space: pre-wrap; background-color: rgb(240, 240, 240);\">\r\n &nbsp; &nbsp;</span><span class=\"hljs-string\" style=\"box-sizing: border-box; color: rgb(136, 0, 0); font-family: Menlo, Monaco, Consolas, &quot;Courier New&quot;, monospace; font-size: 13px; white-space: pre-wrap;\">&#39;charset&#39;</span><span style=\"color: rgb(68, 68, 68); font-family: Menlo, Monaco, Consolas, &quot;Courier New&quot;, monospace; font-size: 13px; white-space: pre-wrap; background-color: rgb(240, 240, 240);\"> =&gt; </span><span class=\"hljs-string\" style=\"box-sizing: border-box; color: rgb(136, 0, 0); font-family: Menlo, Monaco, Consolas, &quot;Courier New&quot;, monospace; font-size: 13px; white-space: pre-wrap;\">&quot;UTF-8&quot;</span><span style=\"color: rgb(68, 68, 68); font-family: Menlo, Monaco, Consolas, &quot;Courier New&quot;, monospace; font-size: 13px; white-space: pre-wrap; background-color: rgb(240, 240, 240);\">, &nbsp; &nbsp;</span><span class=\"hljs-comment\" style=\"box-sizing: border-box; color: rgb(136, 136, 136); font-family: Menlo, Monaco, Consolas, &quot;Courier New&quot;, monospace; font-size: 13px; white-space: pre-wrap;\">//支付宝网关</span><span style=\"color: rgb(68, 68, 68); font-family: Menlo, Monaco, Consolas, &quot;Courier New&quot;, monospace; font-size: 13px; white-space: pre-wrap; background-color: rgb(240, 240, 240);\">\r\n &nbsp; &nbsp;</span><span class=\"hljs-string\" style=\"box-sizing: border-box; color: rgb(136, 0, 0); font-family: Menlo, Monaco, Consolas, &quot;Courier New&quot;, monospace; font-size: 13px; white-space: pre-wrap;\">&#39;gatewayUrl&#39;</span><span style=\"color: rgb(68, 68, 68); font-family: Menlo, Monaco, Consolas, &quot;Courier New&quot;, monospace; font-size: 13px; white-space: pre-wrap; background-color: rgb(240, 240, 240);\"> =&gt; </span><span class=\"hljs-string\" style=\"box-sizing: border-box; color: rgb(136, 0, 0); font-family: Menlo, Monaco, Consolas, &quot;Courier New&quot;, monospace; font-size: 13px; white-space: pre-wrap;\">&quot;https://openapi.alipay.com/gateway.do&quot;</span><span style=\"color: rgb(68, 68, 68); font-family: Menlo, Monaco, Consolas, &quot;Courier New&quot;, monospace; font-size: 13px; white-space: pre-wrap; background-color: rgb(240, 240, 240);\">, &nbsp; &nbsp;</span><span class=\"hljs-comment\" style=\"box-sizing: border-box; color: rgb(136, 136, 136); font-family: Menlo, Monaco, Consolas, &quot;Courier New&quot;, monospace; font-size: 13px; white-space: pre-wrap;\">//签名方式</span><span style=\"color: rgb(68, 68, 68); font-family: Menlo, Monaco, Consolas, &quot;Courier New&quot;, monospace; font-size: 13px; white-space: pre-wrap; background-color: rgb(240, 240, 240);\">\r\n &nbsp; &nbsp;</span><span class=\"hljs-string\" style=\"box-sizing: border-box; color: rgb(136, 0, 0); font-family: Menlo, Monaco, Consolas, &quot;Courier New&quot;, monospace; font-size: 13px; white-space: pre-wrap;\">&#39;sign_type&#39;</span><span style=\"color: rgb(68, 68, 68); font-family: Menlo, Monaco, Consolas, &quot;Courier New&quot;, monospace; font-size: 13px; white-space: pre-wrap; background-color: rgb(240, 240, 240);\">=&gt;</span><span class=\"hljs-string\" style=\"box-sizing: border-box; color: rgb(136, 0, 0); font-family: Menlo, Monaco, Consolas, &quot;Courier New&quot;, monospace; font-size: 13px; white-space: pre-wrap;\">&quot;RSA2&quot;</span><span style=\"color: rgb(68, 68, 68); font-family: Menlo, Monaco, Consolas, &quot;Courier New&quot;, monospace; font-size: 13px; white-space: pre-wrap; background-color: rgb(240, 240, 240);\">, &nbsp; &nbsp;</span><span class=\"hljs-string\" style=\"box-sizing: border-box; color: rgb(136, 0, 0); font-family: Menlo, Monaco, Consolas, &quot;Courier New&quot;, monospace; font-size: 13px; white-space: pre-wrap;\">&#39;return_url&#39;</span><span style=\"color: rgb(68, 68, 68); font-family: Menlo, Monaco, Consolas, &quot;Courier New&quot;, monospace; font-size: 13px; white-space: pre-wrap; background-color: rgb(240, 240, 240);\"> =&gt; </span><span class=\"hljs-string\" style=\"box-sizing: border-box; color: rgb(136, 0, 0); font-family: Menlo, Monaco, Consolas, &quot;Courier New&quot;, monospace; font-size: 13px; white-space: pre-wrap;\">&quot;xx&quot;</span><span style=\"color: rgb(68, 68, 68); font-family: Menlo, Monaco, Consolas, &quot;Courier New&quot;, monospace; font-size: 13px; white-space: pre-wrap; background-color: rgb(240, 240, 240);\">, &nbsp; &nbsp;</span><span class=\"hljs-string\" style=\"box-sizing: border-box; color: rgb(136, 0, 0); font-family: Menlo, Monaco, Consolas, &quot;Courier New&quot;, monospace; font-size: 13px; white-space: pre-wrap;\">&#39;notify_url&#39;</span><span style=\"color: rgb(68, 68, 68); font-family: Menlo, Monaco, Consolas, &quot;Courier New&quot;, monospace; font-size: 13px; white-space: pre-wrap; background-color: rgb(240, 240, 240);\"> =&gt; </span><span class=\"hljs-string\" style=\"box-sizing: border-box; color: rgb(136, 0, 0); font-family: Menlo, Monaco, Consolas, &quot;Courier New&quot;, monospace; font-size: 13px; white-space: pre-wrap;\">&quot;xx&quot;</span><span style=\"color: rgb(68, 68, 68); font-family: Menlo, Monaco, Consolas, &quot;Courier New&quot;, monospace; font-size: 13px; white-space: pre-wrap; background-color: rgb(240, 240, 240);\">,\r\n);</span><span class=\"hljs-keyword\" style=\"box-sizing: border-box; font-weight: bold; color: rgb(68, 68, 68); font-family: Menlo, Monaco, Consolas, &quot;Courier New&quot;, monospace; font-size: 13px; white-space: pre-wrap;\">require</span><span style=\"color: rgb(68, 68, 68); font-family: Menlo, Monaco, Consolas, &quot;Courier New&quot;, monospace; font-size: 13px; white-space: pre-wrap; background-color: rgb(240, 240, 240);\"> </span><span class=\"hljs-string\" style=\"box-sizing: border-box; color: rgb(136, 0, 0); font-family: Menlo, Monaco, Consolas, &quot;Courier New&quot;, monospace; font-size: 13px; white-space: pre-wrap;\">&quot;./vendor/autoload.php&quot;</span><span style=\"color: rgb(68, 68, 68); font-family: Menlo, Monaco, Consolas, &quot;Courier New&quot;, monospace; font-size: 13px; white-space: pre-wrap; background-color: rgb(240, 240, 240);\">;</span><span class=\"hljs-keyword\" style=\"box-sizing: border-box; font-weight: bold; color: rgb(68, 68, 68); font-family: Menlo, Monaco, Consolas, &quot;Courier New&quot;, monospace; font-size: 13px; white-space: pre-wrap;\">use</span><span style=\"color: rgb(68, 68, 68); font-family: Menlo, Monaco, Consolas, &quot;Courier New&quot;, monospace; font-size: 13px; white-space: pre-wrap; background-color: rgb(240, 240, 240);\"> </span><span class=\"hljs-title\" style=\"box-sizing: border-box; color: rgb(136, 0, 0); font-weight: bold; font-family: Menlo, Monaco, Consolas, &quot;Courier New&quot;, monospace; font-size: 13px; white-space: pre-wrap;\">mrk</span><span style=\"color: rgb(68, 68, 68); font-family: Menlo, Monaco, Consolas, &quot;Courier New&quot;, monospace; font-size: 13px; white-space: pre-wrap; background-color: rgb(240, 240, 240);\">\\</span><span class=\"hljs-title\" style=\"box-sizing: border-box; color: rgb(136, 0, 0); font-weight: bold; font-family: Menlo, Monaco, Consolas, &quot;Courier New&quot;, monospace; font-size: 13px; white-space: pre-wrap;\">AliPayH5</span><span style=\"color: rgb(68, 68, 68); font-family: Menlo, Monaco, Consolas, &quot;Courier New&quot;, monospace; font-size: 13px; white-space: pre-wrap; background-color: rgb(240, 240, 240);\">;\r\n\r\n$client = </span><span class=\"hljs-keyword\" style=\"box-sizing: border-box; font-weight: bold; color: rgb(68, 68, 68); font-family: Menlo, Monaco, Consolas, &quot;Courier New&quot;, monospace; font-size: 13px; white-space: pre-wrap;\">new</span><span style=\"color: rgb(68, 68, 68); font-family: Menlo, Monaco, Consolas, &quot;Courier New&quot;, monospace; font-size: 13px; white-space: pre-wrap; background-color: rgb(240, 240, 240);\"> AliPayH5($config);\r\n\r\n$data = [ &nbsp; &nbsp;</span><span class=\"hljs-string\" style=\"box-sizing: border-box; color: rgb(136, 0, 0); font-family: Menlo, Monaco, Consolas, &quot;Courier New&quot;, monospace; font-size: 13px; white-space: pre-wrap;\">&#39;title&#39;</span><span style=\"color: rgb(68, 68, 68); font-family: Menlo, Monaco, Consolas, &quot;Courier New&quot;, monospace; font-size: 13px; white-space: pre-wrap; background-color: rgb(240, 240, 240);\">=&gt;</span><span class=\"hljs-string\" style=\"box-sizing: border-box; color: rgb(136, 0, 0); font-family: Menlo, Monaco, Consolas, &quot;Courier New&quot;, monospace; font-size: 13px; white-space: pre-wrap;\">&quot;test&quot;</span><span style=\"color: rgb(68, 68, 68); font-family: Menlo, Monaco, Consolas, &quot;Courier New&quot;, monospace; font-size: 13px; white-space: pre-wrap; background-color: rgb(240, 240, 240);\">, &nbsp; &nbsp;</span><span class=\"hljs-string\" style=\"box-sizing: border-box; color: rgb(136, 0, 0); font-family: Menlo, Monaco, Consolas, &quot;Courier New&quot;, monospace; font-size: 13px; white-space: pre-wrap;\">&#39;description&#39;</span><span style=\"color: rgb(68, 68, 68); font-family: Menlo, Monaco, Consolas, &quot;Courier New&quot;, monospace; font-size: 13px; white-space: pre-wrap; background-color: rgb(240, 240, 240);\">=&gt;</span><span class=\"hljs-string\" style=\"box-sizing: border-box; color: rgb(136, 0, 0); font-family: Menlo, Monaco, Consolas, &quot;Courier New&quot;, monospace; font-size: 13px; white-space: pre-wrap;\">&quot;test 123&quot;</span><span style=\"color: rgb(68, 68, 68); font-family: Menlo, Monaco, Consolas, &quot;Courier New&quot;, monospace; font-size: 13px; white-space: pre-wrap; background-color: rgb(240, 240, 240);\">, &nbsp; &nbsp;</span><span class=\"hljs-string\" style=\"box-sizing: border-box; color: rgb(136, 0, 0); font-family: Menlo, Monaco, Consolas, &quot;Courier New&quot;, monospace; font-size: 13px; white-space: pre-wrap;\">&#39;out_trade_no&#39;</span><span style=\"color: rgb(68, 68, 68); font-family: Menlo, Monaco, Consolas, &quot;Courier New&quot;, monospace; font-size: 13px; white-space: pre-wrap; background-color: rgb(240, 240, 240);\"> =&gt; </span><span class=\"hljs-string\" style=\"box-sizing: border-box; color: rgb(136, 0, 0); font-family: Menlo, Monaco, Consolas, &quot;Courier New&quot;, monospace; font-size: 13px; white-space: pre-wrap;\">&#39;12345566&#39;</span><span style=\"color: rgb(68, 68, 68); font-family: Menlo, Monaco, Consolas, &quot;Courier New&quot;, monospace; font-size: 13px; white-space: pre-wrap; background-color: rgb(240, 240, 240);\">, &nbsp; &nbsp;</span><span class=\"hljs-string\" style=\"box-sizing: border-box; color: rgb(136, 0, 0); font-family: Menlo, Monaco, Consolas, &quot;Courier New&quot;, monospace; font-size: 13px; white-space: pre-wrap;\">&#39;total_amount&#39;</span><span style=\"color: rgb(68, 68, 68); font-family: Menlo, Monaco, Consolas, &quot;Courier New&quot;, monospace; font-size: 13px; white-space: pre-wrap; background-color: rgb(240, 240, 240);\"> =&gt; </span><span class=\"hljs-number\" style=\"box-sizing: border-box; color: rgb(136, 0, 0); font-family: Menlo, Monaco, Consolas, &quot;Courier New&quot;, monospace; font-size: 13px; white-space: pre-wrap;\">0.01</span><span style=\"color: rgb(68, 68, 68); font-family: Menlo, Monaco, Consolas, &quot;Courier New&quot;, monospace; font-size: 13px; white-space: pre-wrap; background-color: rgb(240, 240, 240);\">];\r\n$client-&gt;pay($data);</span></p>', '/image/20180117/1516160574496672.jpg', '1', '561', 'test', '1', '1516160590', '1516160590');
INSERT INTO `posts` VALUES ('21', '测试文章', '测试车试试搜护手霜颇深是搜狐批号破坏神搜回收识破配好搜谱谁怕谁', '<p>测试车试试搜护手霜颇深是搜狐批号破坏神搜回收识破配好搜谱谁怕谁</p>', '/image/20180117/1516180206327471.jpg', '1', '561', 'test', '1', '1516180229', '1516180229');
INSERT INTO `posts` VALUES ('22', '如图如图范德萨发生时的说法', '孙菲菲付师傅师傅师傅师傅水电费第三方', '<p>孙菲菲付师傅师傅师傅师傅水电费第三方</p>', '/image/20180117/1516180594971399.jpg', '2', '561', 'test', '1', '1516180609', '1516180609');
INSERT INTO `posts` VALUES ('23', 'Yii2.0 基于RBAC的后台管理系统（附演示地址） [基础教程]', '简介最新的源码包（更新于2016-11-28），此次更新去掉了demo代码（内容管理等，旧版的源码包仍然有该代码）。1.调整为三级菜单，方便菜单根据业务进行分类。2.新增一键切换模', '<p style=\"box-sizing: border-box; margin-top: 0px; margin-bottom: 10px; color: rgb(51, 51, 51); font-family: 微软雅黑, &quot;Helvetica Neue&quot;, Helvetica, Arial, &quot;Hiragino Sans GB&quot;, &quot;Microsoft Yahei&quot;, sans-serif; font-size: 14px; white-space: normal; background-color: rgb(255, 255, 255);\"><strong style=\"box-sizing: border-box;\"><span style=\"box-sizing: border-box; font-size: 24px;\">简介</span></strong></p><p style=\"box-sizing: border-box; margin-top: 0px; margin-bottom: 10px; color: rgb(51, 51, 51); font-family: 微软雅黑, &quot;Helvetica Neue&quot;, Helvetica, Arial, &quot;Hiragino Sans GB&quot;, &quot;Microsoft Yahei&quot;, sans-serif; font-size: 14px; white-space: normal; background-color: rgb(255, 255, 255);\"><span style=\"box-sizing: border-box;\">最新的源码包（<span style=\"box-sizing: border-box;\">更新于2016-11-28</span>），此次更新去掉了demo代码（内容管理等，旧版的源码包仍然有该代码<span style=\"box-sizing: border-box;\">）。</span></span></p><p style=\"box-sizing: border-box; margin-top: 0px; margin-bottom: 10px; color: rgb(51, 51, 51); font-family: 微软雅黑, &quot;Helvetica Neue&quot;, Helvetica, Arial, &quot;Hiragino Sans GB&quot;, &quot;Microsoft Yahei&quot;, sans-serif; font-size: 14px; white-space: normal; background-color: rgb(255, 255, 255);\"><span style=\"box-sizing: border-box;\">1.调整为三级菜单，方便菜单根据业务进行分类。</span></p><p style=\"box-sizing: border-box; margin-top: 0px; margin-bottom: 10px; color: rgb(51, 51, 51); font-family: 微软雅黑, &quot;Helvetica Neue&quot;, Helvetica, Arial, &quot;Hiragino Sans GB&quot;, &quot;Microsoft Yahei&quot;, sans-serif; font-size: 14px; white-space: normal; background-color: rgb(255, 255, 255);\"><span style=\"box-sizing: border-box;\">2.新增一键切换模板功能，目前有hyii2模板与ace模板（持续更新）</span></p><p style=\"box-sizing: border-box; margin-top: 0px; margin-bottom: 10px; color: rgb(51, 51, 51); font-family: 微软雅黑, &quot;Helvetica Neue&quot;, Helvetica, Arial, &quot;Hiragino Sans GB&quot;, &quot;Microsoft Yahei&quot;, sans-serif; font-size: 14px; white-space: normal; background-color: rgb(255, 255, 255);\"><span style=\"box-sizing: border-box; color: rgb(255, 0, 0);\">注：购买源码的同学可以联系酱油君获取最新的源码包</span></p><p style=\"box-sizing: border-box; margin-top: 0px; margin-bottom: 10px; color: rgb(51, 51, 51); font-family: 微软雅黑, &quot;Helvetica Neue&quot;, Helvetica, Arial, &quot;Hiragino Sans GB&quot;, &quot;Microsoft Yahei&quot;, sans-serif; font-size: 14px; white-space: normal; background-color: rgb(255, 255, 255);\"><span style=\"box-sizing: border-box;\">系统基于yii2.0框架开发，保留框架原有的特性，适合作为二次开发的基础系统，也可以直接拿来作为后台系统。管理系统的模块在不断完善中，现有的功能包含，完整的RBAC权限管理，封装好的yii2.0扩展组件（富文本编辑器，图片上传，标签组件等），以及内容管理模块（文章管理，分类管理），系统仍在继续扩展新功能，请及时关注~</span></p><p style=\"box-sizing: border-box; margin-top: 0px; margin-bottom: 10px; color: rgb(51, 51, 51); font-family: 微软雅黑, &quot;Helvetica Neue&quot;, Helvetica, Arial, &quot;Hiragino Sans GB&quot;, &quot;Microsoft Yahei&quot;, sans-serif; font-size: 14px; white-space: normal; background-color: rgb(255, 255, 255);\"><span style=\"box-sizing: border-box; font-size: 24px;\"><strong style=\"box-sizing: border-box;\">演示地址</strong></span></p><p style=\"box-sizing: border-box; margin-top: 0px; margin-bottom: 10px; color: rgb(51, 51, 51); font-family: 微软雅黑, &quot;Helvetica Neue&quot;, Helvetica, Arial, &quot;Hiragino Sans GB&quot;, &quot;Microsoft Yahei&quot;, sans-serif; font-size: 14px; white-space: normal; background-color: rgb(255, 255, 255);\"><a href=\"http://qa.yii-china.com/\" target=\"_blank\" title=\"yii2.0管理后台源码\" textvalue=\"http://qa.yii-china.com\" style=\"box-sizing: border-box; background-color: transparent; color: rgb(51, 122, 183); text-decoration: none; outline: none; cursor: pointer;\">http://qa.yii-china.com</a></p><p style=\"box-sizing: border-box; margin-top: 0px; margin-bottom: 10px; color: rgb(51, 51, 51); font-family: 微软雅黑, &quot;Helvetica Neue&quot;, Helvetica, Arial, &quot;Hiragino Sans GB&quot;, &quot;Microsoft Yahei&quot;, sans-serif; font-size: 14px; white-space: normal; background-color: rgb(255, 255, 255);\">账户：test 密码：123456（<span style=\"box-sizing: border-box; color: rgb(255, 0, 0);\">备注：</span><span style=\"box-sizing: border-box; color: rgb(255, 0, 0);\">目前test账户只开了浏览权限，如果要开更多的权限请联系酱油君</span>）</p><p style=\"box-sizing: border-box; margin-top: 0px; margin-bottom: 10px; color: rgb(51, 51, 51); font-family: 微软雅黑, &quot;Helvetica Neue&quot;, Helvetica, Arial, &quot;Hiragino Sans GB&quot;, &quot;Microsoft Yahei&quot;, sans-serif; font-size: 14px; white-space: normal; background-color: rgb(255, 255, 255);\"><span data-filtered=\"filtered\" style=\"box-sizing: border-box; color: rgb(255, 0, 0);\"></span></p><p style=\"box-sizing: border-box; margin-top: 0px; margin-bottom: 10px; color: rgb(51, 51, 51); font-family: 微软雅黑, &quot;Helvetica Neue&quot;, Helvetica, Arial, &quot;Hiragino Sans GB&quot;, &quot;Microsoft Yahei&quot;, sans-serif; font-size: 14px; white-space: normal; background-color: rgb(255, 255, 255);\"><span style=\"box-sizing: border-box; font-size: 24px;\"><strong style=\"box-sizing: border-box;\">源码获取</strong></span></p><p style=\"box-sizing: border-box; margin-top: 0px; margin-bottom: 10px; color: rgb(51, 51, 51); font-family: 微软雅黑, &quot;Helvetica Neue&quot;, Helvetica, Arial, &quot;Hiragino Sans GB&quot;, &quot;Microsoft Yahei&quot;, sans-serif; font-size: 14px; white-space: normal; background-color: rgb(255, 255, 255);\">1.如对源码有浓厚兴趣可自行购买（<a href=\"https://item.taobao.com/item.htm?spm=a1z10.1-c.w4004-14504481775.4.MICphU&id=534171320970\" target=\"_blank\" title=\"hyii2后台源码淘宝店铺-酱油源码店\" style=\"box-sizing: border-box; background-color: transparent; color: rgb(51, 122, 183); text-decoration: none; outline: none; cursor: pointer;\">购买地址</a>），下单后请联系酱油君 QQ：391430388</p><p style=\"box-sizing: border-box; margin-top: 0px; margin-bottom: 10px; color: rgb(51, 51, 51); font-family: 微软雅黑, &quot;Helvetica Neue&quot;, Helvetica, Arial, &quot;Hiragino Sans GB&quot;, &quot;Microsoft Yahei&quot;, sans-serif; font-size: 14px; white-space: normal; background-color: rgb(255, 255, 255);\"><span style=\"box-sizing: border-box; color: rgb(255, 0, 0);\">特别提醒</span>：只有通过本站购买源码，才能获得以下支持，尊重原创，拒绝盗版！</p><p style=\"box-sizing: border-box; margin-top: 0px; margin-bottom: 10px; color: rgb(51, 51, 51); font-family: 微软雅黑, &quot;Helvetica Neue&quot;, Helvetica, Arial, &quot;Hiragino Sans GB&quot;, &quot;Microsoft Yahei&quot;, sans-serif; font-size: 14px; white-space: normal; background-color: rgb(255, 255, 255);\"><strong style=\"box-sizing: border-box;\"><span style=\"box-sizing: border-box; font-size: 24px;\">购买后你能的到什么？</span></strong></p><p style=\"box-sizing: border-box; margin-top: 0px; margin-bottom: 10px; color: rgb(51, 51, 51); font-family: 微软雅黑, &quot;Helvetica Neue&quot;, Helvetica, Arial, &quot;Hiragino Sans GB&quot;, &quot;Microsoft Yahei&quot;, sans-serif; font-size: 14px; white-space: normal; background-color: rgb(255, 255, 255);\">1.一次购买，终生免费，后续更新的所有功能都可以免费更新</p><p style=\"box-sizing: border-box; margin-top: 0px; margin-bottom: 10px; color: rgb(51, 51, 51); font-family: 微软雅黑, &quot;Helvetica Neue&quot;, Helvetica, Arial, &quot;Hiragino Sans GB&quot;, &quot;Microsoft Yahei&quot;, sans-serif; font-size: 14px; white-space: normal; background-color: rgb(255, 255, 255);\">2.购买源码可用于yii2的学习，并能受到酱油君的亲自辅导</p><p style=\"box-sizing: border-box; margin-top: 0px; margin-bottom: 10px; color: rgb(51, 51, 51); font-family: 微软雅黑, &quot;Helvetica Neue&quot;, Helvetica, Arial, &quot;Hiragino Sans GB&quot;, &quot;Microsoft Yahei&quot;, sans-serif; font-size: 14px; white-space: normal; background-color: rgb(255, 255, 255);\">3.相应的文档和视频辅助，随时查看，简单方便。</p><p style=\"box-sizing: border-box; margin-top: 0px; margin-bottom: 10px; color: rgb(51, 51, 51); font-family: 微软雅黑, &quot;Helvetica Neue&quot;, Helvetica, Arial, &quot;Hiragino Sans GB&quot;, &quot;Microsoft Yahei&quot;, sans-serif; font-size: 14px; white-space: normal; background-color: rgb(255, 255, 255);\">4.可更换后台模板，提供对应的后台模板（bootstrap），可让酱油君为您更换。</p><p style=\"box-sizing: border-box; margin-top: 0px; margin-bottom: 10px; color: rgb(51, 51, 51); font-family: 微软雅黑, &quot;Helvetica Neue&quot;, Helvetica, Arial, &quot;Hiragino Sans GB&quot;, &quot;Microsoft Yahei&quot;, sans-serif; font-size: 14px; white-space: normal; background-color: rgb(255, 255, 255);\">5.对于找工作的童鞋，本站愿意提供服务器与域名，将您的后台管理系统项目解析到网上，让你在找工作期间能随时展示您的项目。</p><p style=\"box-sizing: border-box; margin-top: 0px; margin-bottom: 10px; color: rgb(51, 51, 51); font-family: 微软雅黑, &quot;Helvetica Neue&quot;, Helvetica, Arial, &quot;Hiragino Sans GB&quot;, &quot;Microsoft Yahei&quot;, sans-serif; font-size: 14px; white-space: normal; background-color: rgb(255, 255, 255);\"><span style=\"box-sizing: border-box; font-size: 24px;\"><strong style=\"box-sizing: border-box;\"><strong style=\"box-sizing: border-box;\"><span style=\"box-sizing: border-box;\">安装与使用</span></strong></strong></span></p><p style=\"box-sizing: border-box; margin-top: 0px; margin-bottom: 10px; color: rgb(51, 51, 51); font-family: 微软雅黑, &quot;Helvetica Neue&quot;, Helvetica, Arial, &quot;Hiragino Sans GB&quot;, &quot;Microsoft Yahei&quot;, sans-serif; font-size: 14px; white-space: normal; background-color: rgb(255, 255, 255);\"><span style=\"box-sizing: border-box; font-size: 16px;\">[文档]<a href=\"http://www.yii-china.com/doc/hyii2.html\" target=\"_blank\" title=\"hyii2后台管理系统-文档\" textvalue=\"hyii2后台管理系统文档\" style=\"box-sizing: border-box; background-color: transparent; color: rgb(51, 122, 183); outline: none; cursor: pointer;\">hyii2后台管理系统文档</a></span></p><p style=\"box-sizing: border-box; margin-top: 0px; margin-bottom: 10px; color: rgb(51, 51, 51); font-family: 微软雅黑, &quot;Helvetica Neue&quot;, Helvetica, Arial, &quot;Hiragino Sans GB&quot;, &quot;Microsoft Yahei&quot;, sans-serif; font-size: 14px; white-space: normal; background-color: rgb(255, 255, 255);\"><span style=\"box-sizing: border-box; font-size: 16px;\">[视频]</span><a href=\"http://www.yii-china.com/video/list/3.html\" target=\"_blank\" title=\"hyii2后台管理系统-视频\" textvalue=\"hyii2后台管理系统视频\" style=\"box-sizing: border-box; background-color: transparent; color: rgb(51, 122, 183); outline: none; cursor: pointer; font-size: 16px;\"><span style=\"box-sizing: border-box;\">hyii2后台管理系统视频</span></a></p><p style=\"box-sizing: border-box; margin-top: 0px; margin-bottom: 10px; color: rgb(51, 51, 51); font-family: 微软雅黑, &quot;Helvetica Neue&quot;, Helvetica, Arial, &quot;Hiragino Sans GB&quot;, &quot;Microsoft Yahei&quot;, sans-serif; font-size: 14px; white-space: normal; background-color: rgb(255, 255, 255);\"><strong style=\"box-sizing: border-box;\"><span style=\"box-sizing: border-box; font-size: 24px;\">功能简介</span></strong></p><p style=\"box-sizing: border-box; margin-top: 0px; margin-bottom: 10px; color: rgb(51, 51, 51); font-family: 微软雅黑, &quot;Helvetica Neue&quot;, Helvetica, Arial, &quot;Hiragino Sans GB&quot;, &quot;Microsoft Yahei&quot;, sans-serif; font-size: 14px; white-space: normal; background-color: rgb(255, 255, 255);\">1.<strong style=\"box-sizing: border-box;\">基础功能：</strong>登录，登出，密码修改等常见的功能</p><p style=\"box-sizing: border-box; margin-top: 0px; margin-bottom: 10px; color: rgb(51, 51, 51); font-family: 微软雅黑, &quot;Helvetica Neue&quot;, Helvetica, Arial, &quot;Hiragino Sans GB&quot;, &quot;Microsoft Yahei&quot;, sans-serif; font-size: 14px; white-space: normal; background-color: rgb(255, 255, 255);\">2.<strong style=\"box-sizing: border-box;\">菜单配置：</strong>可视化配置菜单，可以根据配置用户的权限显示隐藏菜单（<a href=\"http://www.yii-china.com/video/list/3.html\" target=\"_self\" title=\"hyii2视频演示\" style=\"box-sizing: border-box; background-color: transparent; color: rgb(51, 122, 183); text-decoration: none; outline: none; cursor: pointer;\">观看视频</a>）</p><p style=\"box-sizing: border-box; margin-top: 0px; margin-bottom: 10px; color: rgb(51, 51, 51); font-family: 微软雅黑, &quot;Helvetica Neue&quot;, Helvetica, Arial, &quot;Hiragino Sans GB&quot;, &quot;Microsoft Yahei&quot;, sans-serif; font-size: 14px; white-space: normal; background-color: rgb(255, 255, 255);\">3.<strong style=\"box-sizing: border-box;\">权限机制：</strong>角色、权限增删改查，以及给用户赋予角色权限</p><p style=\"box-sizing: border-box; margin-top: 0px; margin-bottom: 10px; color: rgb(51, 51, 51); font-family: 微软雅黑, &quot;Helvetica Neue&quot;, Helvetica, Arial, &quot;Hiragino Sans GB&quot;, &quot;Microsoft Yahei&quot;, sans-serif; font-size: 14px; white-space: normal; background-color: rgb(255, 255, 255);\">4.<strong style=\"box-sizing: border-box;\">规则机制：</strong>除了权限角色之外有规则机制，即可以给对应的权限配置规则</p><p style=\"box-sizing: border-box; margin-top: 0px; margin-bottom: 10px; color: rgb(51, 51, 51); font-family: 微软雅黑, &quot;Helvetica Neue&quot;, Helvetica, Arial, &quot;Hiragino Sans GB&quot;, &quot;Microsoft Yahei&quot;, sans-serif; font-size: 14px; white-space: normal; background-color: rgb(255, 255, 255);\">5.<strong style=\"box-sizing: border-box;\">扩展组件：</strong>内置yii2各类扩展组件以及相应的效果演示（定时更新）</p><p style=\"box-sizing: border-box; margin-top: 0px; margin-bottom: 10px; color: rgb(51, 51, 51); font-family: 微软雅黑, &quot;Helvetica Neue&quot;, Helvetica, Arial, &quot;Hiragino Sans GB&quot;, &quot;Microsoft Yahei&quot;, sans-serif; font-size: 14px; white-space: normal; background-color: rgb(255, 255, 255);\">6.<strong style=\"box-sizing: border-box;\">二次开发：</strong>还在自己写权限？快使用hyii2做二次开发，只需写业务代码就能快速开发一套适合自己的后台管理系统</p><p style=\"box-sizing: border-box; margin-top: 0px; margin-bottom: 10px; color: rgb(51, 51, 51); font-family: 微软雅黑, &quot;Helvetica Neue&quot;, Helvetica, Arial, &quot;Hiragino Sans GB&quot;, &quot;Microsoft Yahei&quot;, sans-serif; font-size: 14px; white-space: normal; background-color: rgb(255, 255, 255);\">7.<strong style=\"box-sizing: border-box;\">内容管理：</strong><span style=\"box-sizing: border-box; color: rgb(0, 0, 0);\">新增内容管理模块，分类管理，文章管理（已去除）</span></p><p style=\"box-sizing: border-box; margin-top: 0px; margin-bottom: 10px; color: rgb(51, 51, 51); font-family: 微软雅黑, &quot;Helvetica Neue&quot;, Helvetica, Arial, &quot;Hiragino Sans GB&quot;, &quot;Microsoft Yahei&quot;, sans-serif; font-size: 14px; white-space: normal; background-color: rgb(255, 255, 255);\"><span style=\"box-sizing: border-box; color: rgb(0, 0, 0);\">8.<strong style=\"box-sizing: border-box;\">模态编辑：</strong>模态框形式的创建与编辑（已去除）</span></p><p style=\"box-sizing: border-box; margin-top: 0px; margin-bottom: 10px; color: rgb(51, 51, 51); font-family: 微软雅黑, &quot;Helvetica Neue&quot;, Helvetica, Arial, &quot;Hiragino Sans GB&quot;, &quot;Microsoft Yahei&quot;, sans-serif; font-size: 14px; white-space: normal; background-color: rgb(255, 255, 255);\"><span style=\"box-sizing: border-box; color: rgb(0, 0, 0);\">9.<strong style=\"box-sizing: border-box;\">三级菜单：</strong>添加顶部菜单（hyii2模板）方便菜单根据业务进行分类</span></p><p style=\"box-sizing: border-box; margin-top: 0px; margin-bottom: 10px; color: rgb(51, 51, 51); font-family: 微软雅黑, &quot;Helvetica Neue&quot;, Helvetica, Arial, &quot;Hiragino Sans GB&quot;, &quot;Microsoft Yahei&quot;, sans-serif; font-size: 14px; white-space: normal; background-color: rgb(255, 255, 255);\"><span style=\"box-sizing: border-box; color: rgb(0, 0, 0);\">10.<strong style=\"box-sizing: border-box;\">模板切换：</strong>一键切换模板功能（hyii2模板与ace模板)</span></p><p style=\"box-sizing: border-box; margin-top: 0px; margin-bottom: 10px; color: rgb(51, 51, 51); font-family: 微软雅黑, &quot;Helvetica Neue&quot;, Helvetica, Arial, &quot;Hiragino Sans GB&quot;, &quot;Microsoft Yahei&quot;, sans-serif; font-size: 14px; white-space: normal; background-color: rgb(255, 255, 255);\"><strong style=\"box-sizing: border-box;\"><span style=\"box-sizing: border-box; font-size: 24px;\">效果图：</span></strong></p><p style=\"box-sizing: border-box; margin-top: 0px; margin-bottom: 10px; color: rgb(51, 51, 51); font-family: 微软雅黑, &quot;Helvetica Neue&quot;, Helvetica, Arial, &quot;Hiragino Sans GB&quot;, &quot;Microsoft Yahei&quot;, sans-serif; font-size: 14px; white-space: normal; background-color: rgb(255, 255, 255);\"><img src=\"http://up.yii-china.com/image/20160505/1462418661105485.png\" title=\"1462418661105485.png\" alt=\"NS9_E4IO5XJ_96US)95)MOT.png\" width=\"831\" height=\"527\" data-bd-imgshare-binded=\"1\" style=\"box-sizing: border-box; border: 0px; vertical-align: middle; max-width: 100%; width: 831px; height: 527px;\"/></p><p style=\"box-sizing: border-box; margin-top: 0px; margin-bottom: 10px; color: rgb(51, 51, 51); font-family: 微软雅黑, &quot;Helvetica Neue&quot;, Helvetica, Arial, &quot;Hiragino Sans GB&quot;, &quot;Microsoft Yahei&quot;, sans-serif; font-size: 14px; white-space: normal; background-color: rgb(255, 255, 255);\">登录页</p><p style=\"box-sizing: border-box; margin-top: 0px; margin-bottom: 10px; color: rgb(51, 51, 51); font-family: 微软雅黑, &quot;Helvetica Neue&quot;, Helvetica, Arial, &quot;Hiragino Sans GB&quot;, &quot;Microsoft Yahei&quot;, sans-serif; font-size: 14px; white-space: normal; background-color: rgb(255, 255, 255);\"><img src=\"http://up.yii-china.com/image/20160507/1462560466733114.jpg\" title=\"1462560466733114.jpg\" alt=\"M_A8EYXVCWHZB2Q3I`Z}IEV.jpg\" width=\"830\" height=\"598\" data-bd-imgshare-binded=\"1\" style=\"box-sizing: border-box; border: 0px; vertical-align: middle; max-width: 100%; width: 830px; height: 598px;\"/></p><p style=\"box-sizing: border-box; margin-top: 0px; margin-bottom: 10px; color: rgb(51, 51, 51); font-family: 微软雅黑, &quot;Helvetica Neue&quot;, Helvetica, Arial, &quot;Hiragino Sans GB&quot;, &quot;Microsoft Yahei&quot;, sans-serif; font-size: 14px; white-space: normal; background-color: rgb(255, 255, 255);\">模态框形式编辑</p><p style=\"box-sizing: border-box; margin-top: 0px; margin-bottom: 10px; color: rgb(51, 51, 51); font-family: 微软雅黑, &quot;Helvetica Neue&quot;, Helvetica, Arial, &quot;Hiragino Sans GB&quot;, &quot;Microsoft Yahei&quot;, sans-serif; font-size: 14px; white-space: normal; background-color: rgb(255, 255, 255);\"><img src=\"http://up.yii-china.com/image/20160613/1465809486477961.png\" title=\"1465809486477961.png\" alt=\"blob.png\" width=\"829\" height=\"534\" data-bd-imgshare-binded=\"1\" style=\"box-sizing: border-box; border: 0px; vertical-align: middle; max-width: 100%; width: 829px; height: 534px;\"/></p><p style=\"box-sizing: border-box; margin-top: 0px; margin-bottom: 10px; color: rgb(51, 51, 51); font-family: 微软雅黑, &quot;Helvetica Neue&quot;, Helvetica, Arial, &quot;Hiragino Sans GB&quot;, &quot;Microsoft Yahei&quot;, sans-serif; font-size: 14px; white-space: normal; background-color: rgb(255, 255, 255);\"><img src=\"http://up.yii-china.com/image/20161128/1480326606921257.png\" title=\"1480326606921257.png\" alt=\"blob.png\" width=\"829\" height=\"634\" data-bd-imgshare-binded=\"1\" style=\"box-sizing: border-box; border: 0px; vertical-align: middle; max-width: 100%; width: 829px; height: 634px;\"/></p><p style=\"box-sizing: border-box; margin-top: 0px; margin-bottom: 10px; color: rgb(51, 51, 51); font-family: 微软雅黑, &quot;Helvetica Neue&quot;, Helvetica, Arial, &quot;Hiragino Sans GB&quot;, &quot;Microsoft Yahei&quot;, sans-serif; font-size: 14px; white-space: normal; background-color: rgb(255, 255, 255);\"><img src=\"http://up.yii-china.com/image/20161128/1480326672591264.png\" title=\"1480326672591264.png\" alt=\"blob.png\" width=\"827\" height=\"592\" data-bd-imgshare-binded=\"1\" style=\"box-sizing: border-box; border: 0px; vertical-align: middle; max-width: 100%; width: 827px; height: 592px;\"/></p><p><br/></p>', '/image/20180123/1516679153338315.png', '1', '561', 'test', '1', '1516679159', '1516679159');
INSERT INTO `posts` VALUES ('24', '基于Yii2的商城系统 - Yeshop [基础教程]', '简介Yeshop系统是在Yincart2 Galaxy基础上基于Yii2.0开发的“在线商城系统”，适合作为商城二次开发的基础系统，该系统包括前台、后台两套子系统。各个功能实现模块', '<p style=\"box-sizing: border-box; margin-top: 0px; margin-bottom: 10px; color: rgb(51, 51, 51); font-family: 微软雅黑, &quot;Helvetica Neue&quot;, Helvetica, Arial, &quot;Hiragino Sans GB&quot;, &quot;Microsoft Yahei&quot;, sans-serif; font-size: 14px; white-space: normal; background-color: rgb(255, 255, 255);\"><strong style=\"box-sizing: border-box;\"><span style=\"box-sizing: border-box; font-size: 24px; font-family: 宋体;\">简介</span></strong></p><p style=\"box-sizing: border-box; margin-top: 0px; margin-bottom: 10px; color: rgb(51, 51, 51); font-family: 微软雅黑, &quot;Helvetica Neue&quot;, Helvetica, Arial, &quot;Hiragino Sans GB&quot;, &quot;Microsoft Yahei&quot;, sans-serif; font-size: 14px; white-space: normal; background-color: rgb(255, 255, 255);\"><span style=\"box-sizing: border-box; text-indent: 28px;\">Yeshop系统是</span><span style=\"box-sizing: border-box; text-indent: 28px;\">在Yincart2 Galaxy基础上基于Yii2.0开发的“在线商城系统”，适合作为商城二次开发的基础系统，该系统包括前台、后台两套子系统。各个功能实现模块化，模块间耦合度低，便于用户快速开发出符合自己需求的商城。</span></p><p style=\"box-sizing: border-box; margin-top: 0px; margin-bottom: 10px; color: rgb(51, 51, 51); font-family: 微软雅黑, &quot;Helvetica Neue&quot;, Helvetica, Arial, &quot;Hiragino Sans GB&quot;, &quot;Microsoft Yahei&quot;, sans-serif; font-size: 14px; white-space: normal; background-color: rgb(255, 255, 255);\"><span style=\"box-sizing: border-box; text-indent: 28px;\">### 公共模块</span></p><p style=\"box-sizing: border-box; margin-top: 0px; margin-bottom: 10px; color: rgb(51, 51, 51); font-family: 微软雅黑, &quot;Helvetica Neue&quot;, Helvetica, Arial, &quot;Hiragino Sans GB&quot;, &quot;Microsoft Yahei&quot;, sans-serif; font-size: 14px; white-space: normal; background-color: rgb(255, 255, 255);\"><span style=\"box-sizing: border-box; text-indent: 28px;\">star-modules</span></p><p style=\"box-sizing: border-box; margin-top: 0px; margin-bottom: 10px; color: rgb(51, 51, 51); font-family: 微软雅黑, &quot;Helvetica Neue&quot;, Helvetica, Arial, &quot;Hiragino Sans GB&quot;, &quot;Microsoft Yahei&quot;, sans-serif; font-size: 14px; white-space: normal; background-color: rgb(255, 255, 255); text-indent: 28px;\"><span style=\"box-sizing: border-box;\">acount&nbsp;&nbsp;&nbsp;&nbsp;&nbsp;&nbsp;&nbsp;&nbsp;&nbsp;&nbsp;&nbsp;&nbsp;&nbsp;&nbsp; 帐号管理模块（未使用）</span></p><p style=\"box-sizing: border-box; margin-top: 0px; margin-bottom: 10px; color: rgb(51, 51, 51); font-family: 微软雅黑, &quot;Helvetica Neue&quot;, Helvetica, Arial, &quot;Hiragino Sans GB&quot;, &quot;Microsoft Yahei&quot;, sans-serif; font-size: 14px; white-space: normal; background-color: rgb(255, 255, 255); text-indent: 28px;\"><span style=\"box-sizing: border-box;\">aftersales&nbsp;&nbsp;&nbsp;&nbsp;&nbsp;&nbsp;&nbsp;&nbsp;&nbsp;&nbsp; 售后模块，支持简单售后&nbsp;&nbsp; &nbsp;<br data-filtered=\"filtered\" style=\"box-sizing: border-box;\"/></span></p><p style=\"box-sizing: border-box; margin-top: 0px; margin-bottom: 10px; color: rgb(51, 51, 51); font-family: 微软雅黑, &quot;Helvetica Neue&quot;, Helvetica, Arial, &quot;Hiragino Sans GB&quot;, &quot;Microsoft Yahei&quot;, sans-serif; font-size: 14px; white-space: normal; background-color: rgb(255, 255, 255); text-indent: 28px;\"><span style=\"box-sizing: border-box;\">refund&nbsp;&nbsp; &nbsp;&nbsp;&nbsp;&nbsp;&nbsp;&nbsp;&nbsp;&nbsp;&nbsp;&nbsp;&nbsp;&nbsp; ///售后模块，未完成(退换货)&nbsp;&nbsp;&nbsp;&nbsp;<br data-filtered=\"filtered\" style=\"box-sizing: border-box;\"/></span></p><p style=\"box-sizing: border-box; margin-top: 0px; margin-bottom: 10px; color: rgb(51, 51, 51); font-family: 微软雅黑, &quot;Helvetica Neue&quot;, Helvetica, Arial, &quot;Hiragino Sans GB&quot;, &quot;Microsoft Yahei&quot;, sans-serif; font-size: 14px; white-space: normal; background-color: rgb(255, 255, 255); text-indent: 28px;\"><span style=\"box-sizing: border-box;\">auth&nbsp;&nbsp;&nbsp;&nbsp;&nbsp;&nbsp;&nbsp;&nbsp;&nbsp;&nbsp;&nbsp;&nbsp;&nbsp;&nbsp;&nbsp;&nbsp; 权限管理模块&nbsp;&nbsp;&nbsp; blog&nbsp;&nbsp;&nbsp;&nbsp;&nbsp;&nbsp;&nbsp;&nbsp;&nbsp;&nbsp;&nbsp;&nbsp;&nbsp;&nbsp;&nbsp;&nbsp; 博客模块&nbsp;&nbsp; &nbsp;<br data-filtered=\"filtered\" style=\"box-sizing: border-box;\"/></span></p><p style=\"box-sizing: border-box; margin-top: 0px; margin-bottom: 10px; color: rgb(51, 51, 51); font-family: 微软雅黑, &quot;Helvetica Neue&quot;, Helvetica, Arial, &quot;Hiragino Sans GB&quot;, &quot;Microsoft Yahei&quot;, sans-serif; font-size: 14px; white-space: normal; background-color: rgb(255, 255, 255); text-indent: 28px;\"><span style=\"box-sizing: border-box;\">cart&nbsp;&nbsp;&nbsp;&nbsp;&nbsp;&nbsp;&nbsp;&nbsp;&nbsp;&nbsp;&nbsp;&nbsp;&nbsp;&nbsp;&nbsp;&nbsp; 购物车模块&nbsp;&nbsp;&nbsp;&nbsp;<br data-filtered=\"filtered\" style=\"box-sizing: border-box;\"/></span></p><p style=\"box-sizing: border-box; margin-top: 0px; margin-bottom: 10px; color: rgb(51, 51, 51); font-family: 微软雅黑, &quot;Helvetica Neue&quot;, Helvetica, Arial, &quot;Hiragino Sans GB&quot;, &quot;Microsoft Yahei&quot;, sans-serif; font-size: 14px; white-space: normal; background-color: rgb(255, 255, 255); text-indent: 28px;\"><span style=\"box-sizing: border-box;\">catalog&nbsp;&nbsp;&nbsp;&nbsp;&nbsp;&nbsp;&nbsp;&nbsp;&nbsp;&nbsp;&nbsp;&nbsp;&nbsp; 产品管理模块&nbsp;&nbsp;&nbsp; content&nbsp;&nbsp;&nbsp;&nbsp;&nbsp;&nbsp;&nbsp;&nbsp;&nbsp;&nbsp;&nbsp;&nbsp;&nbsp; 内容管理模块&nbsp;&nbsp; &nbsp;<br data-filtered=\"filtered\" style=\"box-sizing: border-box;\"/></span></p><p style=\"box-sizing: border-box; margin-top: 0px; margin-bottom: 10px; color: rgb(51, 51, 51); font-family: 微软雅黑, &quot;Helvetica Neue&quot;, Helvetica, Arial, &quot;Hiragino Sans GB&quot;, &quot;Microsoft Yahei&quot;, sans-serif; font-size: 14px; white-space: normal; background-color: rgb(255, 255, 255); text-indent: 28px;\"><span style=\"box-sizing: border-box;\">dektrium_rbac&nbsp;&nbsp;&nbsp;&nbsp;&nbsp;&nbsp;&nbsp; 帐号管理的语言包（对应vendor/dektrium/yii2-rbac权限管理模块）&nbsp;&nbsp;&nbsp;&nbsp;<br data-filtered=\"filtered\" style=\"box-sizing: border-box;\"/></span></p><p style=\"box-sizing: border-box; margin-top: 0px; margin-bottom: 10px; color: rgb(51, 51, 51); font-family: 微软雅黑, &quot;Helvetica Neue&quot;, Helvetica, Arial, &quot;Hiragino Sans GB&quot;, &quot;Microsoft Yahei&quot;, sans-serif; font-size: 14px; white-space: normal; background-color: rgb(255, 255, 255); text-indent: 28px;\"><span style=\"box-sizing: border-box;\">dektrium_user&nbsp;&nbsp;&nbsp;&nbsp;&nbsp;&nbsp;&nbsp; 帐号管理的语言包（对应vendor/dektrium/yii2-user登录注册模块）&nbsp;&nbsp;&nbsp;&nbsp;<br data-filtered=\"filtered\" style=\"box-sizing: border-box;\"/></span></p><p style=\"box-sizing: border-box; margin-top: 0px; margin-bottom: 10px; color: rgb(51, 51, 51); font-family: 微软雅黑, &quot;Helvetica Neue&quot;, Helvetica, Arial, &quot;Hiragino Sans GB&quot;, &quot;Microsoft Yahei&quot;, sans-serif; font-size: 14px; white-space: normal; background-color: rgb(255, 255, 255); text-indent: 28px;\"><span style=\"box-sizing: border-box;\">marketing&nbsp;&nbsp;&nbsp;&nbsp;&nbsp;&nbsp;&nbsp;&nbsp;&nbsp;&nbsp;&nbsp; 市场营销模块（优惠券、活动）&nbsp;&nbsp;&nbsp; 、</span></p><p style=\"box-sizing: border-box; margin-top: 0px; margin-bottom: 10px; color: rgb(51, 51, 51); font-family: 微软雅黑, &quot;Helvetica Neue&quot;, Helvetica, Arial, &quot;Hiragino Sans GB&quot;, &quot;Microsoft Yahei&quot;, sans-serif; font-size: 14px; white-space: normal; background-color: rgb(255, 255, 255); text-indent: 28px;\"><span style=\"box-sizing: border-box;\">member&nbsp;&nbsp;&nbsp;&nbsp;&nbsp;&nbsp;&nbsp;&nbsp;&nbsp;&nbsp;&nbsp;&nbsp;&nbsp;&nbsp; 会员中心模块（收货地址管理、发票信息、帐号信息、安全设置）&nbsp;&nbsp; &nbsp;<br data-filtered=\"filtered\" style=\"box-sizing: border-box;\"/></span></p><p style=\"box-sizing: border-box; margin-top: 0px; margin-bottom: 10px; color: rgb(51, 51, 51); font-family: 微软雅黑, &quot;Helvetica Neue&quot;, Helvetica, Arial, &quot;Hiragino Sans GB&quot;, &quot;Microsoft Yahei&quot;, sans-serif; font-size: 14px; white-space: normal; background-color: rgb(255, 255, 255); text-indent: 28px;\"><span style=\"box-sizing: border-box;\">order&nbsp;&nbsp;&nbsp;&nbsp;&nbsp;&nbsp;&nbsp;&nbsp;&nbsp;&nbsp;&nbsp;&nbsp;&nbsp;&nbsp;&nbsp; 订单管理模块&nbsp;&nbsp;&nbsp;<br data-filtered=\"filtered\" style=\"box-sizing: border-box;\"/></span></p><p style=\"box-sizing: border-box; margin-top: 0px; margin-bottom: 10px; color: rgb(51, 51, 51); font-family: 微软雅黑, &quot;Helvetica Neue&quot;, Helvetica, Arial, &quot;Hiragino Sans GB&quot;, &quot;Microsoft Yahei&quot;, sans-serif; font-size: 14px; white-space: normal; background-color: rgb(255, 255, 255); text-indent: 28px;\"><span style=\"box-sizing: border-box;\">payment&nbsp;&nbsp;&nbsp;&nbsp;&nbsp;&nbsp;&nbsp;&nbsp;&nbsp;&nbsp;&nbsp;&nbsp;&nbsp; 支付模块（目前只支持支付宝，只需配置支付宝帐号信息即可使用）</span></p><p style=\"box-sizing: border-box; margin-top: 0px; margin-bottom: 10px; color: rgb(51, 51, 51); font-family: 微软雅黑, &quot;Helvetica Neue&quot;, Helvetica, Arial, &quot;Hiragino Sans GB&quot;, &quot;Microsoft Yahei&quot;, sans-serif; font-size: 14px; white-space: normal; background-color: rgb(255, 255, 255); text-indent: 28px;\"><span style=\"box-sizing: border-box;\">shipment&nbsp;&nbsp;&nbsp;&nbsp;&nbsp;&nbsp;&nbsp;&nbsp;&nbsp;&nbsp;&nbsp;&nbsp; 物流模块（物流模版）&nbsp;&nbsp;&nbsp; .</span></p><p style=\"box-sizing: border-box; margin-top: 0px; margin-bottom: 10px; color: rgb(51, 51, 51); font-family: 微软雅黑, &quot;Helvetica Neue&quot;, Helvetica, Arial, &quot;Hiragino Sans GB&quot;, &quot;Microsoft Yahei&quot;, sans-serif; font-size: 14px; white-space: normal; background-color: rgb(255, 255, 255); text-indent: 28px;\"><span style=\"box-sizing: border-box;\">system&nbsp;&nbsp;&nbsp;&nbsp;&nbsp;&nbsp;&nbsp;&nbsp;&nbsp;&nbsp;&nbsp;&nbsp;&nbsp;&nbsp; 系统管理模块（导航栏、站点配置项......）</span></p><p style=\"box-sizing: border-box; margin-top: 0px; margin-bottom: 10px; color: rgb(51, 51, 51); font-family: 微软雅黑, &quot;Helvetica Neue&quot;, Helvetica, Arial, &quot;Hiragino Sans GB&quot;, &quot;Microsoft Yahei&quot;, sans-serif; font-size: 14px; white-space: normal; background-color: rgb(255, 255, 255); text-indent: 28px;\"><span data-filtered=\"filtered\" style=\"box-sizing: border-box;\"></span></p><p style=\"box-sizing: border-box; margin-top: 0px; margin-bottom: 10px; color: rgb(51, 51, 51); font-family: 微软雅黑, &quot;Helvetica Neue&quot;, Helvetica, Arial, &quot;Hiragino Sans GB&quot;, &quot;Microsoft Yahei&quot;, sans-serif; font-size: 14px; white-space: normal; background-color: rgb(255, 255, 255);\"><strong style=\"box-sizing: border-box;\"><span style=\"box-sizing: border-box; font-size: 24px; font-family: 宋体;\">前台演示地址</span></strong></p><p style=\"box-sizing: border-box; margin-top: 0px; margin-bottom: 10px; color: rgb(51, 51, 51); font-family: 微软雅黑, &quot;Helvetica Neue&quot;, Helvetica, Arial, &quot;Hiragino Sans GB&quot;, &quot;Microsoft Yahei&quot;, sans-serif; font-size: 14px; white-space: normal; background-color: rgb(255, 255, 255);\"><a target=\"_blank\" href=\"http://shop.hyii2.com/\" style=\"box-sizing: border-box; background-color: transparent; color: rgb(51, 122, 183); text-decoration: none; outline: none; cursor: pointer;\">http://shop.hyii2.com</a></p><p style=\"box-sizing: border-box; margin-top: 0px; margin-bottom: 10px; color: rgb(51, 51, 51); font-family: 微软雅黑, &quot;Helvetica Neue&quot;, Helvetica, Arial, &quot;Hiragino Sans GB&quot;, &quot;Microsoft Yahei&quot;, sans-serif; font-size: 14px; white-space: normal; background-color: rgb(255, 255, 255);\"><a target=\"_blank\" href=\"http://shop.hyii2.com:8080/\" style=\"box-sizing: border-box; background-color: transparent; color: rgb(51, 122, 183); text-decoration: none; outline: none; cursor: pointer;\">http://shop.hyii2.com:8080</a></p><p style=\"box-sizing: border-box; margin-top: 0px; margin-bottom: 10px; color: rgb(51, 51, 51); font-family: 微软雅黑, &quot;Helvetica Neue&quot;, Helvetica, Arial, &quot;Hiragino Sans GB&quot;, &quot;Microsoft Yahei&quot;, sans-serif; font-size: 14px; white-space: normal; background-color: rgb(255, 255, 255);\"><strong style=\"box-sizing: border-box;\"><span style=\"box-sizing: border-box; font-size: 24px; font-family: 宋体;\">后台台演示地址</span></strong></p><p style=\"box-sizing: border-box; margin-top: 0px; margin-bottom: 10px; color: rgb(51, 51, 51); font-family: 微软雅黑, &quot;Helvetica Neue&quot;, Helvetica, Arial, &quot;Hiragino Sans GB&quot;, &quot;Microsoft Yahei&quot;, sans-serif; font-size: 14px; white-space: normal; background-color: rgb(255, 255, 255);\"><a target=\"_blank\" href=\"http://shop-manage.hyii2.com/\" style=\"box-sizing: border-box; background-color: transparent; color: rgb(51, 122, 183); text-decoration: none; outline: none; cursor: pointer;\">http://shop-manage.hyii2.com</a></p><p style=\"box-sizing: border-box; margin-top: 0px; margin-bottom: 10px; color: rgb(51, 51, 51); font-family: 微软雅黑, &quot;Helvetica Neue&quot;, Helvetica, Arial, &quot;Hiragino Sans GB&quot;, &quot;Microsoft Yahei&quot;, sans-serif; font-size: 14px; white-space: normal; background-color: rgb(255, 255, 255);\"><span style=\"box-sizing: border-box; font-family: 宋体;\">帐号：</span><span style=\"box-sizing: border-box; font-family: Calibri, sans-serif;\">xxx / 123456</span><span style=\"box-sizing: border-box; font-family: 宋体;\">（<span style=\"box-sizing: border-box; color: red;\">备注：目前xxx</span></span><span style=\"box-sizing: border-box; font-family: 宋体; color: red;\">账户已开启了大部分权限，如果要使用超级管理员权限请联系“下班闪电去打卡”</span><span style=\"box-sizing: border-box; font-family: 宋体;\">）</span></p><p style=\"box-sizing: border-box; margin-top: 0px; margin-bottom: 10px; color: rgb(51, 51, 51); font-family: 微软雅黑, &quot;Helvetica Neue&quot;, Helvetica, Arial, &quot;Hiragino Sans GB&quot;, &quot;Microsoft Yahei&quot;, sans-serif; font-size: 14px; white-space: normal; background-color: rgb(255, 255, 255);\"><span style=\"box-sizing: border-box; font-family: 宋体;\"><strong style=\"box-sizing: border-box;\"><span style=\"box-sizing: border-box; font-size: 24px;\">源码获取</span></strong></span></p><p style=\"box-sizing: border-box; margin-top: 0px; margin-bottom: 10px; color: rgb(51, 51, 51); font-family: 微软雅黑, &quot;Helvetica Neue&quot;, Helvetica, Arial, &quot;Hiragino Sans GB&quot;, &quot;Microsoft Yahei&quot;, sans-serif; font-size: 14px; white-space: normal; background-color: rgb(255, 255, 255);\">1.如对源码有浓厚兴趣可自行购买（<a href=\"https://item.taobao.com/item.htm?id=537750350612&qq-pf-to=pcqq.c2c\" target=\"_blank\" title=\"hyii2后台源码淘宝店铺-酱油源码店\" textvalue=\"购买地址\" style=\"box-sizing: border-box; background-color: transparent; color: rgb(51, 122, 183); text-decoration: none; outline: none; cursor: pointer;\">购买地址</a>），下单后请联系酱油君、打卡兄 QQ：391430388、443939412</p><p style=\"box-sizing: border-box; margin-top: 0px; margin-bottom: 10px; color: rgb(51, 51, 51); font-family: 微软雅黑, &quot;Helvetica Neue&quot;, Helvetica, Arial, &quot;Hiragino Sans GB&quot;, &quot;Microsoft Yahei&quot;, sans-serif; font-size: 14px; white-space: normal; background-color: rgb(255, 255, 255);\"><span style=\"box-sizing: border-box; font-family: 宋体; color: red;\">特别提醒</span><span style=\"box-sizing: border-box; font-family: 宋体;\">：只有通过本站购买源码，才能获得以下支持，尊重原创，拒绝盗版！</span></p><p style=\"box-sizing: border-box; margin-top: 0px; margin-bottom: 10px; color: rgb(51, 51, 51); font-family: 微软雅黑, &quot;Helvetica Neue&quot;, Helvetica, Arial, &quot;Hiragino Sans GB&quot;, &quot;Microsoft Yahei&quot;, sans-serif; font-size: 14px; white-space: normal; background-color: rgb(255, 255, 255);\"><strong style=\"box-sizing: border-box;\"><span style=\"box-sizing: border-box; font-size: 24px; font-family: 宋体;\">购买后你能得到什么？</span></strong></p><p style=\"box-sizing: border-box; margin-top: 0px; margin-bottom: 10px; color: rgb(51, 51, 51); font-family: 微软雅黑, &quot;Helvetica Neue&quot;, Helvetica, Arial, &quot;Hiragino Sans GB&quot;, &quot;Microsoft Yahei&quot;, sans-serif; font-size: 14px; white-space: normal; background-color: rgb(255, 255, 255);\">1.一次购买，终生免费，后续更新的所有功能，程序的优化，还有最新的前台模版都可以免费更新。</p><p style=\"box-sizing: border-box; margin-top: 0px; margin-bottom: 10px; color: rgb(51, 51, 51); font-family: 微软雅黑, &quot;Helvetica Neue&quot;, Helvetica, Arial, &quot;Hiragino Sans GB&quot;, &quot;Microsoft Yahei&quot;, sans-serif; font-size: 14px; white-space: normal; background-color: rgb(255, 255, 255);\">2.购买源码可用于yii2的学习，并能受到酱油君、打卡兄的亲自辅导。</p><p style=\"box-sizing: border-box; margin-top: 0px; margin-bottom: 10px; color: rgb(51, 51, 51); font-family: 微软雅黑, &quot;Helvetica Neue&quot;, Helvetica, Arial, &quot;Hiragino Sans GB&quot;, &quot;Microsoft Yahei&quot;, sans-serif; font-size: 14px; white-space: normal; background-color: rgb(255, 255, 255);\">3.<a href=\"http://www.yii-china.com/doc/detail/3.html\" target=\"_blank\" textvalue=\"对应文档教程\" style=\"box-sizing: border-box; background-color: transparent; color: rgb(51, 122, 183); text-decoration: none; outline: none; cursor: pointer;\">对应文档教程</a>&nbsp;(持续更新)<br data-filtered=\"filtered\" style=\"box-sizing: border-box;\"/></p><p style=\"box-sizing: border-box; margin-top: 0px; margin-bottom: 10px; color: rgb(51, 51, 51); font-family: 微软雅黑, &quot;Helvetica Neue&quot;, Helvetica, Arial, &quot;Hiragino Sans GB&quot;, &quot;Microsoft Yahei&quot;, sans-serif; font-size: 14px; white-space: normal; background-color: rgb(255, 255, 255);\"><strong style=\"box-sizing: border-box;\"><span style=\"box-sizing: border-box; font-size: 24px; font-family: 宋体;\">安装与使用</span></strong></p><p style=\"box-sizing: border-box; margin-top: 0px; margin-bottom: 10px; color: rgb(51, 51, 51); font-family: 微软雅黑, &quot;Helvetica Neue&quot;, Helvetica, Arial, &quot;Hiragino Sans GB&quot;, &quot;Microsoft Yahei&quot;, sans-serif; font-size: 14px; white-space: normal; background-color: rgb(255, 255, 255);\">1、解压项目文件，将项目文件丢进web服务器中</p><p style=\"box-sizing: border-box; margin-top: 0px; margin-bottom: 10px; color: rgb(51, 51, 51); font-family: 微软雅黑, &quot;Helvetica Neue&quot;, Helvetica, Arial, &quot;Hiragino Sans GB&quot;, &quot;Microsoft Yahei&quot;, sans-serif; font-size: 14px; white-space: normal; background-color: rgb(255, 255, 255);\">2、根据自己需求是否配置域名</p><p style=\"box-sizing: border-box; margin-top: 0px; margin-bottom: 10px; color: rgb(51, 51, 51); font-family: 微软雅黑, &quot;Helvetica Neue&quot;, Helvetica, Arial, &quot;Hiragino Sans GB&quot;, &quot;Microsoft Yahei&quot;, sans-serif; font-size: 14px; white-space: normal; background-color: rgb(255, 255, 255);\">3、将console/data/yii2senior.sql中的数据库文件导入数据库</p><p style=\"box-sizing: border-box; margin-top: 0px; margin-bottom: 10px; color: rgb(51, 51, 51); font-family: 微软雅黑, &quot;Helvetica Neue&quot;, Helvetica, Arial, &quot;Hiragino Sans GB&quot;, &quot;Microsoft Yahei&quot;, sans-serif; font-size: 14px; white-space: normal; background-color: rgb(255, 255, 255);\">4、配置数据库链接</p><p style=\"box-sizing: border-box; margin-top: 0px; margin-bottom: 10px; color: rgb(51, 51, 51); font-family: 微软雅黑, &quot;Helvetica Neue&quot;, Helvetica, Arial, &quot;Hiragino Sans GB&quot;, &quot;Microsoft Yahei&quot;, sans-serif; font-size: 14px; white-space: normal; background-color: rgb(255, 255, 255); text-indent: 28px;\">方式一：直接修改common/config/main-local.php</p><p style=\"box-sizing: border-box; margin-top: 0px; margin-bottom: 10px; color: rgb(51, 51, 51); font-family: 微软雅黑, &quot;Helvetica Neue&quot;, Helvetica, Arial, &quot;Hiragino Sans GB&quot;, &quot;Microsoft Yahei&quot;, sans-serif; font-size: 14px; white-space: normal; background-color: rgb(255, 255, 255); text-indent: 28px;\">方式二：修改environments中相应“项目环境”的文件夹下的common/config/main-local.php，然后执行php init来初始化配置</p><p style=\"box-sizing: border-box; margin-top: 0px; margin-bottom: 10px; color: rgb(51, 51, 51); font-family: 微软雅黑, &quot;Helvetica Neue&quot;, Helvetica, Arial, &quot;Hiragino Sans GB&quot;, &quot;Microsoft Yahei&quot;, sans-serif; font-size: 14px; white-space: normal; background-color: rgb(255, 255, 255);\"><strong style=\"box-sizing: border-box;\"><span style=\"box-sizing: border-box; font-size: 24px; font-family: 宋体;\">效果图：</span></strong></p><p style=\"box-sizing: border-box; margin-top: 0px; margin-bottom: 10px; color: rgb(51, 51, 51); font-family: 微软雅黑, &quot;Helvetica Neue&quot;, Helvetica, Arial, &quot;Hiragino Sans GB&quot;, &quot;Microsoft Yahei&quot;, sans-serif; font-size: 14px; white-space: normal; background-color: rgb(255, 255, 255);\"><img alt=\"QQ图片20160829141406.png\" src=\"http://up.yii-china.com/image/20160829/1472451191234120.png\" title=\"1472451191234120.png\" data-bd-imgshare-binded=\"1\" style=\"box-sizing: border-box; border: 0px; vertical-align: middle; max-width: 100%;\"/></p><p style=\"box-sizing: border-box; margin-top: 0px; margin-bottom: 10px; color: rgb(51, 51, 51); font-family: 微软雅黑, &quot;Helvetica Neue&quot;, Helvetica, Arial, &quot;Hiragino Sans GB&quot;, &quot;Microsoft Yahei&quot;, sans-serif; font-size: 14px; white-space: normal; background-color: rgb(255, 255, 255);\"><img src=\"http://up.yii-china.com/image/20160828/1472365519469335.png\" title=\"1472365519469335.png\" height=\"592\" width=\"1079\" data-bd-imgshare-binded=\"1\" style=\"box-sizing: border-box; border: 0px; vertical-align: middle; max-width: 100%; width: 1079px; height: 592px;\"/></p><p style=\"box-sizing: border-box; margin-top: 0px; margin-bottom: 10px; color: rgb(51, 51, 51); font-family: 微软雅黑, &quot;Helvetica Neue&quot;, Helvetica, Arial, &quot;Hiragino Sans GB&quot;, &quot;Microsoft Yahei&quot;, sans-serif; font-size: 14px; white-space: normal; background-color: rgb(255, 255, 255);\"><br data-filtered=\"filtered\" style=\"box-sizing: border-box;\"/><img alt=\"QQ图片20160831173445.png\" src=\"http://up.yii-china.com/image/20160831/1472636036135738.png\" title=\"1472636036135738.png\" data-bd-imgshare-binded=\"1\" style=\"box-sizing: border-box; border: 0px; vertical-align: middle; max-width: 100%;\"/></p><p style=\"box-sizing: border-box; margin-top: 0px; margin-bottom: 10px; color: rgb(51, 51, 51); font-family: 微软雅黑, &quot;Helvetica Neue&quot;, Helvetica, Arial, &quot;Hiragino Sans GB&quot;, &quot;Microsoft Yahei&quot;, sans-serif; font-size: 14px; white-space: normal; background-color: rgb(255, 255, 255);\">可删除前两个接口的对应代码和配置简化程序。<br data-filtered=\"filtered\" style=\"box-sizing: border-box;\"/></p><p style=\"box-sizing: border-box; margin-top: 0px; margin-bottom: 10px; color: rgb(51, 51, 51); font-family: 微软雅黑, &quot;Helvetica Neue&quot;, Helvetica, Arial, &quot;Hiragino Sans GB&quot;, &quot;Microsoft Yahei&quot;, sans-serif; font-size: 14px; white-space: normal; background-color: rgb(255, 255, 255);\"><img src=\"http://up.yii-china.com/image/20160828/1472365519419694.png\" title=\"1472365519419694.png\" height=\"566\" width=\"1078\" data-bd-imgshare-binded=\"1\" style=\"box-sizing: border-box; border: 0px; vertical-align: middle; max-width: 100%; width: 1078px; height: 566px;\"/></p><p style=\"box-sizing: border-box; margin-top: 0px; margin-bottom: 10px; color: rgb(51, 51, 51); font-family: 微软雅黑, &quot;Helvetica Neue&quot;, Helvetica, Arial, &quot;Hiragino Sans GB&quot;, &quot;Microsoft Yahei&quot;, sans-serif; font-size: 14px; white-space: normal; background-color: rgb(255, 255, 255);\"><img src=\"http://up.yii-china.com/image/20160828/1472365519553354.png\" title=\"1472365519553354.png\" height=\"582\" width=\"1076\" data-bd-imgshare-binded=\"1\" style=\"box-sizing: border-box; border: 0px; vertical-align: middle; max-width: 100%; width: 1076px; height: 582px;\"/></p><p style=\"box-sizing: border-box; margin-top: 0px; margin-bottom: 10px; color: rgb(51, 51, 51); font-family: 微软雅黑, &quot;Helvetica Neue&quot;, Helvetica, Arial, &quot;Hiragino Sans GB&quot;, &quot;Microsoft Yahei&quot;, sans-serif; font-size: 14px; white-space: normal; background-color: rgb(255, 255, 255);\"><img alt=\"4.jpg.png\" src=\"http://up.yii-china.com/image/20160828/1472366378294389.png\" title=\"1472366378294389.png\" height=\"750\" width=\"1075\" data-bd-imgshare-binded=\"1\" style=\"box-sizing: border-box; border: 0px; vertical-align: middle; max-width: 100%; width: 1075px; height: 750px;\"/></p><p style=\"box-sizing: border-box; margin-top: 0px; margin-bottom: 10px; color: rgb(51, 51, 51); font-family: 微软雅黑, &quot;Helvetica Neue&quot;, Helvetica, Arial, &quot;Hiragino Sans GB&quot;, &quot;Microsoft Yahei&quot;, sans-serif; font-size: 14px; white-space: normal; background-color: rgb(255, 255, 255);\">PS: 就像文章开篇说的，该商城系统是在yincart2的基础上修改的，因为galaxy是免费版，所以功能不完整且有很多潜在bug和待优化的地方，但本系统已经做进一步完善和功能扩展，大家可以放心使用，使用中遇到任何问题都可以联系我们。有兴趣的朋友也可以去百度上搜索yincart2下载源码自行学习。</p><p><br/></p>', '/image/20180123/1516679263711745.jpg', '2', '561', 'test', '1', '1516679291', '1516679291');
INSERT INTO `posts` VALUES ('25', 'YII2.0框架， 多图片上传功能 [基础教程]', '此小部件实现了文章或项目添加的时候，可以传多张图片，也以对上传成功的图片进行删除（如果配置项 trueDelete 为真， 则服务器上的真实图片也会删除）此小部件不能在上传图片的时', '<p style=\"box-sizing: border-box; margin-top: 0px; margin-bottom: 16px; font-size: 14px; white-space: normal; background-color: rgb(255, 255, 255); color: rgb(36, 41, 46); font-family: -apple-system, BlinkMacSystemFont, &quot;Segoe UI&quot;, Helvetica, Arial, sans-serif, &quot;Apple Color Emoji&quot;, &quot;Segoe UI Emoji&quot;, &quot;Segoe UI Symbol&quot;;\">此小部件实现了文章或项目添加的时候，可以传多张图片，也以对上传成功的图片进行删除（如果配置项 trueDelete 为真， 则服务器上的真实图片也会删除）</p><p style=\"box-sizing: border-box; margin-top: 0px; margin-bottom: 16px; font-size: 14px; white-space: normal; background-color: rgb(255, 255, 255); color: rgb(36, 41, 46); font-family: -apple-system, BlinkMacSystemFont, &quot;Segoe UI&quot;, Helvetica, Arial, sans-serif, &quot;Apple Color Emoji&quot;, &quot;Segoe UI Emoji&quot;, &quot;Segoe UI Symbol&quot;;\">此小部件不能在上传图片的时候， 选N张图片，只能一张一张的选择进行上传</p><h1 style=\"box-sizing: border-box; margin: 24px 0px 16px; font-size: 36px; font-family: -apple-system, BlinkMacSystemFont, &quot;Segoe UI&quot;, Helvetica, Arial, sans-serif, &quot;Apple Color Emoji&quot;, &quot;Segoe UI Emoji&quot;, &quot;Segoe UI Symbol&quot;; font-weight: 500; line-height: 1.25; color: rgb(36, 41, 46); white-space: normal; background-color: rgb(255, 255, 255); padding-bottom: 0.3em; border-bottom: 1px solid rgb(234, 236, 239);\">安装说明</h1><p style=\"box-sizing: border-box; margin-top: 0px; margin-bottom: 16px; font-size: 14px; white-space: normal; background-color: rgb(255, 255, 255); color: rgb(36, 41, 46); font-family: -apple-system, BlinkMacSystemFont, &quot;Segoe UI&quot;, Helvetica, Arial, sans-serif, &quot;Apple Color Emoji&quot;, &quot;Segoe UI Emoji&quot;, &quot;Segoe UI Symbol&quot;;\">将下载的文件夹放入公共目录，本实例路径为（/common/widgets/），请根据项目实例自行安排， UploadAction.php文件内有使用说明，请进行参考。</p><p style=\"box-sizing: border-box; margin-top: 0px; margin-bottom: 16px; font-size: 14px; white-space: normal; background-color: rgb(255, 255, 255); color: rgb(36, 41, 46); font-family: -apple-system, BlinkMacSystemFont, &quot;Segoe UI&quot;, Helvetica, Arial, sans-serif, &quot;Apple Color Emoji&quot;, &quot;Segoe UI Emoji&quot;, &quot;Segoe UI Symbol&quot;;\"><span style=\"box-sizing: border-box;\">config:</span></p><pre class=\"brush:php;toolbar:false\" style=\"box-sizing: border-box; overflow: auto; font-family: Menlo, Monaco, Consolas, &quot;Courier New&quot;, monospace; font-size: 13px; padding: 9.5px; margin-top: 0px; margin-bottom: 10px; line-height: 1.42857; color: rgb(51, 51, 51); word-break: break-all; word-wrap: break-word; background-color: rgb(245, 245, 245); border: 1px solid rgb(204, 204, 204); border-radius: 4px;\">use&nbsp;yii\\helpers\\Url;\r\n\r\nreturn&nbsp;[\r\n&nbsp;&nbsp;&nbsp;&nbsp;/*&nbsp;上传图片配置项&nbsp;*/\r\n&nbsp;&nbsp;&nbsp;&nbsp;&#39;fieldName&#39;&nbsp;=&gt;&nbsp;&quot;fileData&quot;,&nbsp;/*&nbsp;提交的图片表单名称&nbsp;*/\r\n&nbsp;&nbsp;&nbsp;&nbsp;&#39;maxSize&#39;&nbsp;=&gt;&nbsp;2097152,&nbsp;/*&nbsp;上传大小限制，单位B&nbsp;*/\r\n&nbsp;&nbsp;&nbsp;&nbsp;&#39;allowFiles&#39;=&gt;&nbsp;[&quot;.png&quot;,&nbsp;&quot;.jpg&quot;,&nbsp;&quot;.jpeg&quot;,&nbsp;&quot;.gif&quot;,&nbsp;&quot;.bmp&quot;],&nbsp;/*&nbsp;上传图片格式显示&nbsp;*/\r\n&nbsp;&nbsp;&nbsp;&nbsp;&#39;pathFormat&#39;=&gt;&nbsp;&quot;/uploads/{yyyy}/{mm}/{dd}/{date}{rand:6}&quot;,&nbsp;/*&nbsp;上传保存路径,可以自定义保存路径和文件名格式&nbsp;*/\r\n&nbsp;&nbsp;&nbsp;&nbsp;&#39;uploadFilePath&#39;&nbsp;=&gt;&nbsp;str_replace(&#39;backend&#39;,&nbsp;&#39;frontend&#39;,&nbsp;$_SERVER[&#39;DOCUMENT_ROOT&#39;]),&nbsp;/*&nbsp;文件保存绝对路径&nbsp;&nbsp;&nbsp;*/\r\n&nbsp;&nbsp;&nbsp;&nbsp;&#39;uploadType&#39;&nbsp;=&gt;&nbsp;&#39;upload&#39;,&nbsp;//remote远程图片&nbsp;&nbsp;&nbsp;base64&nbsp;base64编码&nbsp;upload&nbsp;正常的上传方法,\r\n&nbsp;&nbsp;&nbsp;&nbsp;&#39;serverUrl&#39;&nbsp;=&gt;&nbsp;Url::to(&#39;/admin/upload/upload_more&#39;),\r\n&nbsp;&nbsp;&nbsp;&nbsp;&#39;trueDelete&#39;&nbsp;=&gt;&nbsp;&#39;true&#39;&nbsp;//为TRUE是，点确定后，&nbsp;将会把真实图片删除，为false时，&nbsp;只会把父元素移除，&nbsp;不会删除真实图片\r\n];</pre><p style=\"box-sizing: border-box; margin-top: 0px; margin-bottom: 16px; font-size: 14px; white-space: normal; background-color: rgb(255, 255, 255); color: rgb(36, 41, 46); font-family: -apple-system, BlinkMacSystemFont, &quot;Segoe UI&quot;, Helvetica, Arial, sans-serif, &quot;Apple Color Emoji&quot;, &quot;Segoe UI Emoji&quot;, &quot;Segoe UI Symbol&quot;;\"><span style=\"box-sizing: border-box;\">controller:</span><span style=\"box-sizing: border-box;\"></span><br data-filtered=\"filtered\" style=\"box-sizing: border-box;\"/></p><pre class=\"brush:php;toolbar:false\" style=\"box-sizing: border-box; overflow: auto; font-family: Menlo, Monaco, Consolas, &quot;Courier New&quot;, monospace; font-size: 13px; padding: 9.5px; margin-top: 0px; margin-bottom: 10px; line-height: 1.42857; color: rgb(51, 51, 51); word-break: break-all; word-wrap: break-word; background-color: rgb(245, 245, 245); border: 1px solid rgb(204, 204, 204); border-radius: 4px;\">public&nbsp;function&nbsp;actions()&nbsp;{\r\n&nbsp;&nbsp;&nbsp;&nbsp;&nbsp;&nbsp;&nbsp;&nbsp;return&nbsp;[\r\n&nbsp;&nbsp;&nbsp;&nbsp;&nbsp;&nbsp;&nbsp;&nbsp;&nbsp;&nbsp;&nbsp;&nbsp;&#39;upload_more&#39;=&gt;[\r\n&nbsp;&nbsp;&nbsp;&nbsp;&nbsp;&nbsp;&nbsp;&nbsp;&nbsp;&nbsp;&nbsp;&nbsp;&nbsp;&nbsp;&nbsp;&nbsp;&#39;class&#39;&nbsp;=&gt;&nbsp;&#39;common\\widgets\\batch_upload\\UploadAction&#39;\r\n&nbsp;&nbsp;&nbsp;&nbsp;&nbsp;&nbsp;&nbsp;&nbsp;&nbsp;&nbsp;&nbsp;&nbsp;]\r\n&nbsp;&nbsp;&nbsp;&nbsp;&nbsp;&nbsp;&nbsp;&nbsp;];\r\n&nbsp;&nbsp;&nbsp;&nbsp;}</pre><p style=\"box-sizing: border-box; margin-top: 0px; margin-bottom: 16px; font-size: 14px; white-space: normal; background-color: rgb(255, 255, 255); color: rgb(36, 41, 46); font-family: -apple-system, BlinkMacSystemFont, &quot;Segoe UI&quot;, Helvetica, Arial, sans-serif, &quot;Apple Color Emoji&quot;, &quot;Segoe UI Emoji&quot;, &quot;Segoe UI Symbol&quot;;\"><span data-filtered=\"filtered\" style=\"box-sizing: border-box;\"></span><br data-filtered=\"filtered\" style=\"box-sizing: border-box;\"/></p><p style=\"box-sizing: border-box; margin-top: 0px; margin-bottom: 16px; font-size: 14px; white-space: normal; background-color: rgb(255, 255, 255); color: rgb(36, 41, 46); font-family: -apple-system, BlinkMacSystemFont, &quot;Segoe UI&quot;, Helvetica, Arial, sans-serif, &quot;Apple Color Emoji&quot;, &quot;Segoe UI Emoji&quot;, &quot;Segoe UI Symbol&quot;;\">view:</p><pre style=\"box-sizing: border-box; overflow: auto; font-family: SFMono-Regular, Consolas, &quot;Liberation Mono&quot;, Menlo, Courier, monospace; font-size: 13.6px; padding: 16px; margin-top: 0px; margin-bottom: 16px; line-height: 1.45; color: rgb(36, 41, 46); word-break: break-all; word-wrap: normal; background-color: rgb(246, 248, 250); border: 1px solid rgb(204, 204, 204); border-radius: 3px;\">&lt;?=$form-&gt;field($model,&nbsp;&#39;pics&#39;)-&gt;widget(&#39;common\\widgets\\batch_upload\\FileUpload&#39;)?&gt;</pre><p style=\"box-sizing: border-box; margin-top: 0px; margin-bottom: 16px; font-size: 14px; white-space: normal; background-color: rgb(255, 255, 255); color: rgb(36, 41, 46); font-family: -apple-system, BlinkMacSystemFont, &quot;Segoe UI&quot;, Helvetica, Arial, sans-serif, &quot;Apple Color Emoji&quot;, &quot;Segoe UI Emoji&quot;, &quot;Segoe UI Symbol&quot;;\">上传图片插件为AjaxUpload3.9，无刷新上传图片，使用前， 请查看config.php进行配置，默认【图片表单名称】为fileData</p><p style=\"box-sizing: border-box; margin-top: 0px; margin-bottom: 16px; font-size: 14px; white-space: normal; background-color: rgb(255, 255, 255); color: rgb(36, 41, 46); font-family: -apple-system, BlinkMacSystemFont, &quot;Segoe UI&quot;, Helvetica, Arial, sans-serif, &quot;Apple Color Emoji&quot;, &quot;Segoe UI Emoji&quot;, &quot;Segoe UI Symbol&quot;;\">#实现预览</p><p style=\"box-sizing: border-box; margin-top: 0px; margin-bottom: 16px; font-size: 14px; white-space: normal; background-color: rgb(255, 255, 255); color: rgb(36, 41, 46); font-family: -apple-system, BlinkMacSystemFont, &quot;Segoe UI&quot;, Helvetica, Arial, sans-serif, &quot;Apple Color Emoji&quot;, &quot;Segoe UI Emoji&quot;, &quot;Segoe UI Symbol&quot;;\">功能实现</p><p style=\"box-sizing: border-box; margin-top: 0px; margin-bottom: 16px; font-size: 14px; white-space: normal; background-color: rgb(255, 255, 255); color: rgb(36, 41, 46); font-family: -apple-system, BlinkMacSystemFont, &quot;Segoe UI&quot;, Helvetica, Arial, sans-serif, &quot;Apple Color Emoji&quot;, &quot;Segoe UI Emoji&quot;, &quot;Segoe UI Symbol&quot;;\"><a href=\"https://github.com/zl0314/Yii2-batch-upload/blob/master/screenshot/pic1.jpg\" target=\"_blank\" style=\"box-sizing: border-box; background-color: transparent; color: rgb(3, 102, 214); text-decoration: none; outline: none; cursor: pointer;\"><img src=\"https://github.com/zl0314/Yii2-batch-upload/raw/master/screenshot/pic1.jpg\" alt=\"image\" data-bd-imgshare-binded=\"1\" style=\"box-sizing: content-box; border: 0px none; vertical-align: middle; max-width: 100%;\"/></a></p><p style=\"box-sizing: border-box; margin-top: 0px; margin-bottom: 16px; font-size: 14px; white-space: normal; background-color: rgb(255, 255, 255); color: rgb(36, 41, 46); font-family: -apple-system, BlinkMacSystemFont, &quot;Segoe UI&quot;, Helvetica, Arial, sans-serif, &quot;Apple Color Emoji&quot;, &quot;Segoe UI Emoji&quot;, &quot;Segoe UI Symbol&quot;;\">小部件存放目录</p><p style=\"box-sizing: border-box; margin-top: 0px; font-size: 14px; white-space: normal; background-color: rgb(255, 255, 255); color: rgb(36, 41, 46); font-family: -apple-system, BlinkMacSystemFont, &quot;Segoe UI&quot;, Helvetica, Arial, sans-serif, &quot;Apple Color Emoji&quot;, &quot;Segoe UI Emoji&quot;, &quot;Segoe UI Symbol&quot;; margin-bottom: 0px !important;\"><a href=\"https://github.com/zl0314/Yii2-batch-upload/blob/master/screenshot/pic2.jpg\" target=\"_blank\" style=\"box-sizing: border-box; background-color: transparent; color: rgb(3, 102, 214); text-decoration: none; outline: none; cursor: pointer;\"><img src=\"https://github.com/zl0314/Yii2-batch-upload/raw/master/screenshot/pic2.jpg\" alt=\"image\" data-bd-imgshare-binded=\"1\" style=\"box-sizing: content-box; border: 0px none; vertical-align: middle; max-width: 100%;\"/></a></p><p><br/></p>', '/image/20180123/1516679354107407.jpg', '2', '561', 'test', '1', '1516679390', '1516679390');
INSERT INTO `posts` VALUES ('26', 'YiiCMS 一个基于yii2写的后台基础内容管理系统 [基础教程]', 'YiiCMS 一个基于yii2写的后台基础内容管理系统：git地址：https://coding.net/u/GitRong/p/YiiCMS/git只有backend(后台)安装', '<p style=\"box-sizing: border-box; margin-top: 0px; margin-bottom: 10px; color: rgb(51, 51, 51); font-family: 微软雅黑, &quot;Helvetica Neue&quot;, Helvetica, Arial, &quot;Hiragino Sans GB&quot;, &quot;Microsoft Yahei&quot;, sans-serif; font-size: 14px; white-space: normal; background-color: rgb(255, 255, 255);\">YiiCMS 一个基于yii2写的后台基础内容管理系统：</p><p style=\"box-sizing: border-box; margin-top: 0px; margin-bottom: 10px; color: rgb(51, 51, 51); font-family: 微软雅黑, &quot;Helvetica Neue&quot;, Helvetica, Arial, &quot;Hiragino Sans GB&quot;, &quot;Microsoft Yahei&quot;, sans-serif; font-size: 14px; white-space: normal; background-color: rgb(255, 255, 255);\">git地址：<a href=\"https://coding.net/u/GitRong/p/YiiCMS/git\" _src=\"https://coding.net/u/GitRong/p/YiiCMS/git\" style=\"box-sizing: border-box; background-color: transparent; color: rgb(51, 122, 183); text-decoration: none; outline: none; cursor: pointer;\">https://coding.net/u/GitRong/p/YiiCMS/git</a><br style=\"box-sizing: border-box;\"/></p><p style=\"box-sizing: border-box; margin-top: 0px; margin-bottom: 10px; color: rgb(51, 51, 51); font-family: 微软雅黑, &quot;Helvetica Neue&quot;, Helvetica, Arial, &quot;Hiragino Sans GB&quot;, &quot;Microsoft Yahei&quot;, sans-serif; font-size: 14px; white-space: normal; background-color: rgb(255, 255, 255);\">只有backend(后台)</p><p style=\"box-sizing: border-box; margin-top: 0px; margin-bottom: 10px; color: rgb(51, 51, 51); font-family: 微软雅黑, &quot;Helvetica Neue&quot;, Helvetica, Arial, &quot;Hiragino Sans GB&quot;, &quot;Microsoft Yahei&quot;, sans-serif; font-size: 14px; white-space: normal; background-color: rgb(255, 255, 255);\">安装：</p><ol class=\" list-paddingleft-2\" style=\"box-sizing: border-box; padding: 0px; color: rgb(51, 51, 51); font-family: 微软雅黑, &quot;Helvetica Neue&quot;, Helvetica, Arial, &quot;Hiragino Sans GB&quot;, &quot;Microsoft Yahei&quot;, sans-serif; font-size: 14px; white-space: normal; background-color: rgb(255, 255, 255);\"><li><p style=\"box-sizing: border-box; margin-top: 0px; margin-bottom: 10px;\">首先下载下来或者用git克隆下来.</p></li><li><p style=\"box-sizing: border-box; margin-top: 0px; margin-bottom: 10px;\">安装composer,并确保全局安装了&#39;composer-asset-plugin&#39;.<br style=\"box-sizing: border-box;\"/></p></li><li><pre style=\"box-sizing: border-box; overflow: auto; font-family: Menlo, Monaco, Consolas, &quot;Courier New&quot;, monospace; font-size: 13px; padding: 9.5px; margin-top: 0px; margin-bottom: 10px; line-height: 1.42857; word-break: break-all; word-wrap: break-word; background-color: rgb(245, 245, 245); border: 1px solid rgb(204, 204, 204); border-radius: 4px;\">cd&nbsp;YiiCMS/</pre></li><li><pre style=\"box-sizing: border-box; overflow: auto; font-family: Menlo, Monaco, Consolas, &quot;Courier New&quot;, monospace; font-size: 13px; padding: 9.5px; margin-top: 0px; margin-bottom: 10px; line-height: 1.42857; word-break: break-all; word-wrap: break-word; background-color: rgb(245, 245, 245); border: 1px solid rgb(204, 204, 204); border-radius: 4px;\">composer&nbsp;install</pre></li><li><p style=\"box-sizing: border-box; margin-top: 0px; margin-bottom: 10px;\">在common/config/main-local下配置数据库信息.</p></li><li><p style=\"box-sizing: border-box; margin-top: 0px; margin-bottom: 10px;\">新建数据库并导入data/yiidemoad.sql的表结构以及数据.</p></li><li><p style=\"box-sizing: border-box; margin-top: 0px; margin-bottom: 10px;\">配置虚拟主机指向backend/web目录并配置好hosts文件域名解析</p></li></ol><p style=\"box-sizing: border-box; margin-top: 0px; margin-bottom: 10px; color: rgb(51, 51, 51); font-family: 微软雅黑, &quot;Helvetica Neue&quot;, Helvetica, Arial, &quot;Hiragino Sans GB&quot;, &quot;Microsoft Yahei&quot;, sans-serif; font-size: 14px; white-space: normal; background-color: rgb(255, 255, 255);\">OK！安装完毕。打开虚拟域名即可访问.</p><p style=\"box-sizing: border-box; margin-top: 0px; margin-bottom: 10px; color: rgb(51, 51, 51); font-family: 微软雅黑, &quot;Helvetica Neue&quot;, Helvetica, Arial, &quot;Hiragino Sans GB&quot;, &quot;Microsoft Yahei&quot;, sans-serif; font-size: 14px; white-space: normal; background-color: rgb(255, 255, 255);\"><img src=\"http://up.yii-china.com/image/20161010/1476079882371405.png\" title=\"1476079882371405.png\" alt=\"QQ截图20161010140223.png\" data-bd-imgshare-binded=\"1\" style=\"box-sizing: border-box; border: 0px; vertical-align: middle; max-width: 100%;\"/></p><p><br/></p>', '/image/20180123/1516679431348729.jpg', '2', '561', 'test', '1', '1516679470', '1516679470');
INSERT INTO `posts` VALUES ('27', 'yii2 右键菜单扩展 yii2-contextmenu [扩展组件]', '&nbsp; &nbsp; 向大家推荐一个扩展：yii2-contextmenu， 该扩展为Gird行右击菜单，可以省去操作列。 扩展安装还是比较简单的，英文好的的朋友可以直接去h', '<p style=\"box-sizing: border-box; margin-top: 0px; margin-bottom: 10px; color: rgb(51, 51, 51); font-family: 微软雅黑, &quot;Helvetica Neue&quot;, Helvetica, Arial, &quot;Hiragino Sans GB&quot;, &quot;Microsoft Yahei&quot;, sans-serif; font-size: 14px; white-space: normal; background-color: rgb(255, 255, 255);\">&nbsp; &nbsp; 向大家推荐一个扩展：yii2-contextmenu， 该扩展为Gird行右击菜单，可以<strong style=\"box-sizing: border-box;\">省去操作列</strong>。 扩展安装还是比较简单的，英文好的的朋友可以直接去<a href=\"https://github.com/phpyii/yii2-contextmenu\" target=\"_blank\" textvalue=\"https://github.com/phpyii/yii2-contextmenu\" style=\"box-sizing: border-box; background-color: transparent; color: rgb(51, 122, 183); text-decoration: none; outline: none; cursor: pointer;\">https://github.com/phpyii/yii2-contextmenu</a>上查看，然后按着它操作就好了。懒得去看英文的同学，那就看我吧：</p><p style=\"box-sizing: border-box; margin-top: 0px; margin-bottom: 10px; color: rgb(51, 51, 51); font-family: 微软雅黑, &quot;Helvetica Neue&quot;, Helvetica, Arial, &quot;Hiragino Sans GB&quot;, &quot;Microsoft Yahei&quot;, sans-serif; font-size: 14px; white-space: normal; background-color: rgb(255, 255, 255);\">&nbsp;&nbsp;&nbsp; 相信大家都知道用composer安装方便，差不多一键搞定。不过国内composer访问实在慢的蛋疼，所以我建议大家直接在上面的链接里下载zip文件手动加载扩展，手动也快的。</p><p style=\"box-sizing: border-box; margin-top: 0px; margin-bottom: 10px; color: rgb(51, 51, 51); font-family: 微软雅黑, &quot;Helvetica Neue&quot;, Helvetica, Arial, &quot;Hiragino Sans GB&quot;, &quot;Microsoft Yahei&quot;, sans-serif; font-size: 14px; white-space: normal; background-color: rgb(255, 255, 255);\">&nbsp;&nbsp;&nbsp; 1、下载zip:&nbsp;<a href=\"https://github.com/phpyii/yii2-contextmenu/archive/master.zip\" target=\"_blank\" textvalue=\"https://github.com/phpyii/yii2-contextmenu/archive/master.zip\" style=\"box-sizing: border-box; background-color: transparent; color: rgb(51, 122, 183); text-decoration: none; outline: none; cursor: pointer;\">https://github.com/phpyii/yii2-contextmenu/archive/master.zip</a><br style=\"box-sizing: border-box;\"/></p><p style=\"box-sizing: border-box; margin-top: 0px; margin-bottom: 10px; color: rgb(51, 51, 51); font-family: 微软雅黑, &quot;Helvetica Neue&quot;, Helvetica, Arial, &quot;Hiragino Sans GB&quot;, &quot;Microsoft Yahei&quot;, sans-serif; font-size: 14px; white-space: normal; background-color: rgb(255, 255, 255);\">&nbsp;&nbsp;&nbsp; 2、解压后重名名为yii2-contextmenu</p><p style=\"box-sizing: border-box; margin-top: 0px; margin-bottom: 10px; color: rgb(51, 51, 51); font-family: 微软雅黑, &quot;Helvetica Neue&quot;, Helvetica, Arial, &quot;Hiragino Sans GB&quot;, &quot;Microsoft Yahei&quot;, sans-serif; font-size: 14px; white-space: normal; background-color: rgb(255, 255, 255);\">&nbsp;&nbsp;&nbsp; 3、在vendor下新建文件夹liyunfang，把yii2-contextmenu丢进去。</p><p style=\"box-sizing: border-box; margin-top: 0px; margin-bottom: 10px; color: rgb(51, 51, 51); font-family: 微软雅黑, &quot;Helvetica Neue&quot;, Helvetica, Arial, &quot;Hiragino Sans GB&quot;, &quot;Microsoft Yahei&quot;, sans-serif; font-size: 14px; white-space: normal; background-color: rgb(255, 255, 255);\">&nbsp;&nbsp;&nbsp; 4、修改vendor/yiisoft/extensions.php，在最数组最后面追加一项：&nbsp;</p><pre class=\"brush:php;toolbar:false\" style=\"box-sizing: border-box; overflow: auto; font-family: Menlo, Monaco, Consolas, &quot;Courier New&quot;, monospace; font-size: 13px; padding: 9.5px; margin-top: 0px; margin-bottom: 10px; line-height: 1.42857; color: rgb(51, 51, 51); word-break: break-all; word-wrap: break-word; background-color: rgb(245, 245, 245); border: 1px solid rgb(204, 204, 204); border-radius: 4px;\">&nbsp;&nbsp;&#39;liyunfang/yii2-contextmenu&#39;&nbsp;=&gt;&nbsp;\r\n&nbsp;&nbsp;array&nbsp;(\r\n&nbsp;&nbsp;&nbsp;&nbsp;&#39;name&#39;&nbsp;=&gt;&nbsp;&#39;liyunfang/yii2-contextmenu&#39;,\r\n&nbsp;&nbsp;&nbsp;&nbsp;&#39;version&#39;&nbsp;=&gt;&nbsp;&#39;9999999-dev&#39;,\r\n&nbsp;&nbsp;&nbsp;&nbsp;&#39;alias&#39;&nbsp;=&gt;&nbsp;\r\n&nbsp;&nbsp;&nbsp;&nbsp;array&nbsp;(\r\n&nbsp;&nbsp;&nbsp;&nbsp;&nbsp;&nbsp;&#39;@liyunfang/contextmenu&#39;&nbsp;=&gt;&nbsp;$vendorDir&nbsp;.&nbsp;&#39;/liyunfang/yii2-contextmenu&#39;,\r\n&nbsp;&nbsp;&nbsp;&nbsp;),\r\n&nbsp;&nbsp;),</pre><p style=\"box-sizing: border-box; margin-top: 0px; margin-bottom: 10px; color: rgb(51, 51, 51); font-family: 微软雅黑, &quot;Helvetica Neue&quot;, Helvetica, Arial, &quot;Hiragino Sans GB&quot;, &quot;Microsoft Yahei&quot;, sans-serif; font-size: 14px; white-space: normal; background-color: rgb(255, 255, 255);\">&nbsp;&nbsp;&nbsp; OK了， 扩展加载完毕，接下来就是如果使用扩展了。</p><pre class=\"brush:php;toolbar:false\" deep=\"5\" style=\"box-sizing: border-box; overflow: auto; font-family: Menlo, Monaco, Consolas, &quot;Courier New&quot;, monospace; font-size: 13px; padding: 9.5px; margin-top: 0px; margin-bottom: 10px; line-height: 1.42857; color: rgb(51, 51, 51); word-break: break-all; word-wrap: break-word; background-color: rgb(245, 245, 245); border: 1px solid rgb(204, 204, 204); border-radius: 4px;\">&nbsp;&nbsp;&nbsp;&nbsp;&lt;?=&nbsp;GridView::widget([\r\n&nbsp;&nbsp;&nbsp;&nbsp;&nbsp;&nbsp;&nbsp;&nbsp;&#39;dataProvider&#39;&nbsp;=&gt;&nbsp;$dataProvider,\r\n&nbsp;&nbsp;&nbsp;&nbsp;&nbsp;&nbsp;&nbsp;&nbsp;&#39;filterModel&#39;&nbsp;=&gt;&nbsp;$searchModel,\r\n&nbsp;&nbsp;&nbsp;&nbsp;&nbsp;&nbsp;&nbsp;&nbsp;&#39;columns&#39;&nbsp;=&gt;&nbsp;[\r\n&nbsp;&nbsp;&nbsp;&nbsp;&nbsp;&nbsp;&nbsp;&nbsp;&nbsp;&nbsp;&nbsp;&nbsp;[&#39;class&#39;&nbsp;=&gt;&nbsp;&#39;\\kartik\\grid\\CheckboxColumn&#39;],&nbsp;&nbsp;//第0列\r\n&nbsp;&nbsp;&nbsp;&nbsp;&nbsp;&nbsp;&nbsp;&nbsp;&nbsp;&nbsp;&nbsp;&nbsp;[&nbsp;&nbsp;&nbsp;&nbsp;&nbsp;&nbsp;&nbsp;&nbsp;&nbsp;&nbsp;&nbsp;&nbsp;&nbsp;&nbsp;&nbsp;&nbsp;&nbsp;&nbsp;&nbsp;&nbsp;&nbsp;&nbsp;&nbsp;&nbsp;&nbsp;//第1列\r\n&nbsp;&nbsp;&nbsp;&nbsp;&nbsp;&nbsp;&nbsp;&nbsp;&nbsp;&nbsp;&nbsp;&nbsp;&nbsp;&nbsp;&nbsp;&nbsp;&#39;class&#39;&nbsp;=&gt;&nbsp;\\liyunfang\\contextmenu\\SerialColumn::className(),\r\n&nbsp;&nbsp;&nbsp;&nbsp;&nbsp;&nbsp;&nbsp;&nbsp;&nbsp;&nbsp;&nbsp;&nbsp;&nbsp;&nbsp;&nbsp;&nbsp;&#39;contextMenu&#39;&nbsp;=&gt;&nbsp;true,\r\n&nbsp;&nbsp;&nbsp;&nbsp;&nbsp;&nbsp;&nbsp;&nbsp;&nbsp;&nbsp;&nbsp;&nbsp;&nbsp;&nbsp;&nbsp;&nbsp;//&#39;contextMenuAttribute&#39;&nbsp;=&gt;&nbsp;&#39;id&#39;,\r\n&nbsp;&nbsp;&nbsp;&nbsp;&nbsp;&nbsp;&nbsp;&nbsp;&nbsp;&nbsp;&nbsp;&nbsp;&nbsp;&nbsp;&nbsp;&nbsp;&#39;buttons&#39;&nbsp;&nbsp;&nbsp;&nbsp;=&gt;&nbsp;[\r\n&nbsp;&nbsp;&nbsp;&nbsp;&nbsp;&nbsp;&nbsp;&nbsp;&nbsp;&nbsp;&nbsp;&nbsp;&nbsp;&nbsp;&nbsp;&nbsp;&nbsp;&nbsp;&nbsp;&nbsp;&#39;view&#39;&nbsp;=&gt;&nbsp;function&nbsp;($url,&nbsp;$model){\r\n&nbsp;&nbsp;&nbsp;&nbsp;&nbsp;&nbsp;&nbsp;&nbsp;&nbsp;&nbsp;&nbsp;&nbsp;&nbsp;&nbsp;&nbsp;&nbsp;&nbsp;&nbsp;&nbsp;&nbsp;&nbsp;&nbsp;&nbsp;&nbsp;$title&nbsp;=&nbsp;Yii::t(&#39;kvgrid&#39;,&nbsp;&#39;View&#39;);\r\n&nbsp;&nbsp;&nbsp;&nbsp;&nbsp;&nbsp;&nbsp;&nbsp;&nbsp;&nbsp;&nbsp;&nbsp;&nbsp;&nbsp;&nbsp;&nbsp;&nbsp;&nbsp;&nbsp;&nbsp;&nbsp;&nbsp;&nbsp;&nbsp;$label&nbsp;=&nbsp;&#39;&lt;span&nbsp;class=&quot;glyphicon&nbsp;glyphicon-eye-open&quot;&gt;&lt;/span&gt;&nbsp;&#39;&nbsp;.&nbsp;$title;\r\n&nbsp;&nbsp;&nbsp;&nbsp;&nbsp;&nbsp;&nbsp;&nbsp;&nbsp;&nbsp;&nbsp;&nbsp;&nbsp;&nbsp;&nbsp;&nbsp;&nbsp;&nbsp;&nbsp;&nbsp;&nbsp;&nbsp;&nbsp;&nbsp;$options&nbsp;=&nbsp;[&#39;tabindex&#39;&nbsp;=&gt;&nbsp;&#39;-1&#39;,&nbsp;&#39;title&#39;&nbsp;=&gt;&nbsp;$title,&nbsp;&#39;data&#39;&nbsp;=&gt;&nbsp;[&#39;pjax&#39;&nbsp;=&gt;&nbsp;&#39;0&#39;&nbsp;,&nbsp;&nbsp;&#39;toggle&#39;&nbsp;=&gt;&nbsp;&#39;tooltip&#39;],&nbsp;&#39;target&#39;=&gt;&#39;_blank&#39;];\r\n&nbsp;&nbsp;&nbsp;&nbsp;&nbsp;&nbsp;&nbsp;&nbsp;&nbsp;&nbsp;&nbsp;&nbsp;&nbsp;&nbsp;&nbsp;&nbsp;&nbsp;&nbsp;&nbsp;&nbsp;&nbsp;&nbsp;&nbsp;&nbsp;return&nbsp;&#39;&lt;li&gt;&#39;&nbsp;.&nbsp;Html::a($label,&nbsp;$url,&nbsp;$options)&nbsp;.&nbsp;&#39;&lt;/li&gt;&#39;&nbsp;.&nbsp;PHP_EOL;\r\n&nbsp;&nbsp;&nbsp;&nbsp;&nbsp;&nbsp;&nbsp;&nbsp;&nbsp;&nbsp;&nbsp;&nbsp;&nbsp;&nbsp;&nbsp;&nbsp;&nbsp;&nbsp;&nbsp;&nbsp;},\r\n&nbsp;&nbsp;&nbsp;&nbsp;&nbsp;&nbsp;&nbsp;&nbsp;&nbsp;&nbsp;&nbsp;&nbsp;&nbsp;&nbsp;&nbsp;&nbsp;],&nbsp;&nbsp;&nbsp;&nbsp;&nbsp;&nbsp;&nbsp;&nbsp;&nbsp;&nbsp;&nbsp;&nbsp;&nbsp;&nbsp;&nbsp;&nbsp;\r\n&nbsp;&nbsp;&nbsp;&nbsp;&nbsp;&nbsp;&nbsp;&nbsp;&nbsp;&nbsp;&nbsp;&nbsp;],\r\n&nbsp;&nbsp;&nbsp;&nbsp;&nbsp;&nbsp;&nbsp;&nbsp;&nbsp;&nbsp;&nbsp;&nbsp;......&nbsp;&nbsp;&nbsp;&nbsp;&nbsp;&nbsp;&nbsp;&nbsp;&nbsp;&nbsp;&nbsp;&nbsp;&nbsp;&nbsp;&nbsp;&nbsp;&nbsp;&nbsp;&nbsp;//第n列&nbsp;&nbsp;&nbsp;&nbsp;&nbsp;&nbsp;&nbsp;&nbsp;&nbsp;&nbsp;&nbsp;&nbsp;&nbsp;&nbsp;&nbsp;&nbsp;&nbsp;&nbsp;&nbsp;&nbsp;&nbsp;&nbsp;&nbsp;&nbsp;&nbsp;&nbsp;&nbsp;&nbsp;&nbsp;&nbsp;&nbsp;&nbsp;&nbsp;&nbsp;&nbsp;&nbsp;&nbsp;&nbsp;&nbsp;&nbsp;&nbsp;&nbsp;&nbsp;&nbsp;、、\r\n&nbsp;&nbsp;&nbsp;&nbsp;&nbsp;&nbsp;&nbsp;&nbsp;&nbsp;&nbsp;&nbsp;&nbsp;......\r\n&nbsp;&nbsp;&nbsp;&nbsp;&nbsp;&nbsp;&nbsp;&nbsp;],\r\n&nbsp;&nbsp;&nbsp;&nbsp;&nbsp;&nbsp;&nbsp;&nbsp;//&nbsp;rowOptions这里也要设置\r\n&nbsp;&nbsp;&nbsp;&nbsp;&nbsp;&nbsp;&nbsp;&nbsp;&#39;rowOptions&#39;&nbsp;=&gt;&nbsp;function($model,&nbsp;$key,&nbsp;$index,&nbsp;$gird){\r\n&nbsp;&nbsp;&nbsp;&nbsp;&nbsp;&nbsp;&nbsp;&nbsp;&nbsp;&nbsp;&nbsp;&nbsp;$contextMenuId&nbsp;=&nbsp;$gird-&gt;columns[1]-&gt;contextMenuId;\r\n&nbsp;&nbsp;&nbsp;&nbsp;&nbsp;&nbsp;&nbsp;&nbsp;&nbsp;&nbsp;&nbsp;&nbsp;return&nbsp;[&#39;data&#39;=&gt;[&nbsp;&#39;toggle&#39;&nbsp;=&gt;&nbsp;&#39;context&#39;,&#39;target&#39;=&gt;&nbsp;&quot;#&quot;.$contextMenuId&nbsp;]];\r\n&nbsp;&nbsp;&nbsp;&nbsp;&nbsp;&nbsp;&nbsp;&nbsp;},\r\n&nbsp;&nbsp;&nbsp;&nbsp;&nbsp;&nbsp;&nbsp;&nbsp;......\r\n&nbsp;&nbsp;&nbsp;&nbsp;&nbsp;&nbsp;&nbsp;&nbsp;......</pre><p style=\"box-sizing: border-box; margin-top: 0px; margin-bottom: 10px; color: rgb(51, 51, 51); font-family: 微软雅黑, &quot;Helvetica Neue&quot;, Helvetica, Arial, &quot;Hiragino Sans GB&quot;, &quot;Microsoft Yahei&quot;, sans-serif; font-size: 14px; white-space: normal; background-color: rgb(255, 255, 255);\"><br style=\"box-sizing: border-box;\"/></p><p style=\"box-sizing: border-box; margin-top: 0px; margin-bottom: 10px; color: rgb(51, 51, 51); font-family: 微软雅黑, &quot;Helvetica Neue&quot;, Helvetica, Arial, &quot;Hiragino Sans GB&quot;, &quot;Microsoft Yahei&quot;, sans-serif; font-size: 14px; white-space: normal; background-color: rgb(255, 255, 255);\">&nbsp;&nbsp;&nbsp;&nbsp;PS:&nbsp; rowOptions 对应的闭包函数中， $gird-&gt;columns[1]-&gt;contextMenuId;&nbsp; columns的下标值指的是<strong style=\"box-sizing: border-box;\">列号</strong>。第0列是&nbsp;[&#39;class&#39; =&gt; &#39;\\kartik\\grid\\CheckboxColumn&#39;],&nbsp; 第1列才是正确的值，这个大家在用的时候注意下。</p><p style=\"box-sizing: border-box; margin-top: 0px; margin-bottom: 10px; color: rgb(51, 51, 51); font-family: 微软雅黑, &quot;Helvetica Neue&quot;, Helvetica, Arial, &quot;Hiragino Sans GB&quot;, &quot;Microsoft Yahei&quot;, sans-serif; font-size: 14px; white-space: normal; background-color: rgb(255, 255, 255);\"><br style=\"box-sizing: border-box;\"/></p><p style=\"box-sizing: border-box; margin-top: 0px; margin-bottom: 10px; color: rgb(51, 51, 51); font-family: 微软雅黑, &quot;Helvetica Neue&quot;, Helvetica, Arial, &quot;Hiragino Sans GB&quot;, &quot;Microsoft Yahei&quot;, sans-serif; font-size: 14px; white-space: normal; background-color: rgb(255, 255, 255);\">&nbsp;&nbsp;&nbsp;&nbsp;结束，扩展安装和扩展使用介绍完毕。最后我想说个题外话，这个扩展应该是一个叫liyunfang的哥们写的，刚开始看到这个namespace liyunfang\\contextmenu; 就有种抵触情绪，怕国产扩展不好，所以去看了下源码， 看完后决定用它了， 觉得写的还不错，赞！支持国产插件。我媚外了</p><p style=\"box-sizing: border-box; margin-top: 0px; margin-bottom: 10px; color: rgb(51, 51, 51); font-family: 微软雅黑, &quot;Helvetica Neue&quot;, Helvetica, Arial, &quot;Hiragino Sans GB&quot;, &quot;Microsoft Yahei&quot;, sans-serif; font-size: 14px; white-space: normal; background-color: rgb(255, 255, 255);\"><br style=\"box-sizing: border-box;\"/></p><p style=\"box-sizing: border-box; margin-top: 0px; margin-bottom: 10px; color: rgb(51, 51, 51); font-family: 微软雅黑, &quot;Helvetica Neue&quot;, Helvetica, Arial, &quot;Hiragino Sans GB&quot;, &quot;Microsoft Yahei&quot;, sans-serif; font-size: 14px; white-space: normal; background-color: rgb(255, 255, 255);\">最后贴一张效果图：</p><p style=\"box-sizing: border-box; margin-top: 0px; margin-bottom: 10px; color: rgb(51, 51, 51); font-family: 微软雅黑, &quot;Helvetica Neue&quot;, Helvetica, Arial, &quot;Hiragino Sans GB&quot;, &quot;Microsoft Yahei&quot;, sans-serif; font-size: 14px; white-space: normal; background-color: rgb(255, 255, 255);\"><img src=\"http://up.yii-china.com/image/20160927/1474961848455535.png\" title=\"1474961848455535.png\" alt=\"QQ图片20160927153829.png\" data-bd-imgshare-binded=\"1\" style=\"box-sizing: border-box; border: 0px; vertical-align: middle; max-width: 100%;\"/></p><p><br/></p>', '/image/20180123/1516679729636440.png', '1', '561', 'test', '1', '1516679755', '1516679755');

-- ----------------------------
-- Table structure for `post_extends`
-- ----------------------------
DROP TABLE IF EXISTS `post_extends`;
CREATE TABLE `post_extends` (
  `id` int(11) NOT NULL AUTO_INCREMENT COMMENT '自增ID',
  `post_id` int(11) DEFAULT NULL COMMENT '文章id',
  `browser` int(11) DEFAULT '0' COMMENT '浏览量',
  `collect` int(11) DEFAULT '0' COMMENT '收藏量',
  `praise` int(11) DEFAULT '0' COMMENT '点赞',
  `comment` int(11) DEFAULT '0' COMMENT '评论',
  PRIMARY KEY (`id`)
) ENGINE=InnoDB AUTO_INCREMENT=49 DEFAULT CHARSET=utf8 COMMENT='文章扩展表';

-- ----------------------------
-- Records of post_extends
-- ----------------------------
INSERT INTO `post_extends` VALUES ('38', '19', '17', '0', '0', '0');
INSERT INTO `post_extends` VALUES ('39', '20', '19', '0', '0', '0');
INSERT INTO `post_extends` VALUES ('40', '21', '1', '0', '0', '0');
INSERT INTO `post_extends` VALUES ('41', '22', '38', '0', '0', '0');
INSERT INTO `post_extends` VALUES ('42', '17', '1', '0', '0', '0');
INSERT INTO `post_extends` VALUES ('43', '23', '2', '0', '0', '0');
INSERT INTO `post_extends` VALUES ('44', '24', '1', '0', '0', '0');
INSERT INTO `post_extends` VALUES ('45', '25', '1', '0', '0', '0');
INSERT INTO `post_extends` VALUES ('46', '26', '5', '0', '0', '0');
INSERT INTO `post_extends` VALUES ('47', '27', '18', '0', '0', '0');
INSERT INTO `post_extends` VALUES ('48', '16', '1', '0', '0', '0');

-- ----------------------------
-- Table structure for `relation_post_tags`
-- ----------------------------
DROP TABLE IF EXISTS `relation_post_tags`;
CREATE TABLE `relation_post_tags` (
  `id` int(11) NOT NULL AUTO_INCREMENT COMMENT '自增ID',
  `post_id` int(11) DEFAULT NULL COMMENT '文章ID',
  `tag_id` int(11) DEFAULT NULL COMMENT '标签ID',
  PRIMARY KEY (`id`),
  UNIQUE KEY `post_id` (`post_id`,`tag_id`) USING BTREE
) ENGINE=InnoDB AUTO_INCREMENT=25 DEFAULT CHARSET=utf8 COMMENT='文章和标签关系表';

-- ----------------------------
-- Records of relation_post_tags
-- ----------------------------
INSERT INTO `relation_post_tags` VALUES ('1', '18', '1');
INSERT INTO `relation_post_tags` VALUES ('2', '18', '2');
INSERT INTO `relation_post_tags` VALUES ('3', '19', '2');
INSERT INTO `relation_post_tags` VALUES ('4', '19', '3');
INSERT INTO `relation_post_tags` VALUES ('5', '20', '4');
INSERT INTO `relation_post_tags` VALUES ('6', '20', '5');
INSERT INTO `relation_post_tags` VALUES ('7', '21', '6');
INSERT INTO `relation_post_tags` VALUES ('8', '21', '7');
INSERT INTO `relation_post_tags` VALUES ('9', '21', '8');
INSERT INTO `relation_post_tags` VALUES ('10', '22', '9');
INSERT INTO `relation_post_tags` VALUES ('11', '22', '10');
INSERT INTO `relation_post_tags` VALUES ('12', '22', '11');
INSERT INTO `relation_post_tags` VALUES ('13', '22', '12');
INSERT INTO `relation_post_tags` VALUES ('14', '23', '13');
INSERT INTO `relation_post_tags` VALUES ('15', '23', '14');
INSERT INTO `relation_post_tags` VALUES ('16', '23', '15');
INSERT INTO `relation_post_tags` VALUES ('17', '24', '16');
INSERT INTO `relation_post_tags` VALUES ('18', '24', '17');
INSERT INTO `relation_post_tags` VALUES ('19', '25', '18');
INSERT INTO `relation_post_tags` VALUES ('20', '25', '19');
INSERT INTO `relation_post_tags` VALUES ('21', '26', '20');
INSERT INTO `relation_post_tags` VALUES ('22', '26', '21');
INSERT INTO `relation_post_tags` VALUES ('23', '27', '22');
INSERT INTO `relation_post_tags` VALUES ('24', '27', '23');

-- ----------------------------
-- Table structure for `tags`
-- ----------------------------
DROP TABLE IF EXISTS `tags`;
CREATE TABLE `tags` (
  `id` int(11) NOT NULL AUTO_INCREMENT COMMENT '自增ID',
  `tag_name` varchar(255) DEFAULT NULL COMMENT '标签名称',
  `post_num` int(11) DEFAULT '0' COMMENT '关联文章数',
  PRIMARY KEY (`id`),
  UNIQUE KEY `tag_name` (`tag_name`) USING BTREE
) ENGINE=InnoDB AUTO_INCREMENT=24 DEFAULT CHARSET=utf8 COMMENT='标签表';

-- ----------------------------
-- Records of tags
-- ----------------------------
INSERT INTO `tags` VALUES ('1', '标签1', '1');
INSERT INTO `tags` VALUES ('2', '标签2', '2');
INSERT INTO `tags` VALUES ('3', '标签3', '1');
INSERT INTO `tags` VALUES ('4', 'PHP', '1');
INSERT INTO `tags` VALUES ('5', 'YII', '1');
INSERT INTO `tags` VALUES ('6', '测试', '1');
INSERT INTO `tags` VALUES ('7', '就是', '1');
INSERT INTO `tags` VALUES ('8', '解决', '1');
INSERT INTO `tags` VALUES ('9', '啥地方', '1');
INSERT INTO `tags` VALUES ('10', '三国杀', '1');
INSERT INTO `tags` VALUES ('11', 'fasdg', '1');
INSERT INTO `tags` VALUES ('12', '是广东省高', '1');
INSERT INTO `tags` VALUES ('13', '源码', '1');
INSERT INTO `tags` VALUES ('14', '管理系统', '1');
INSERT INTO `tags` VALUES ('15', '上班偷偷打酱油', '1');
INSERT INTO `tags` VALUES ('16', '下班闪电去打卡', '1');
INSERT INTO `tags` VALUES ('17', 'Yii2', '1');
INSERT INTO `tags` VALUES ('18', '多图上传组件', '1');
INSERT INTO `tags` VALUES ('19', 'Yiizuj', '1');
INSERT INTO `tags` VALUES ('20', 'YIICMS', '1');
INSERT INTO `tags` VALUES ('21', '后台管理系统', '1');
INSERT INTO `tags` VALUES ('22', 'YII扩展组件', '1');
INSERT INTO `tags` VALUES ('23', '右键扩展组件', '1');

-- ----------------------------
-- Table structure for `user`
-- ----------------------------
DROP TABLE IF EXISTS `user`;
CREATE TABLE `user` (
  `id` int(11) NOT NULL AUTO_INCREMENT COMMENT '自增ID',
  `username` varchar(255) NOT NULL COMMENT '用户名',
  `auth_key` varchar(32) NOT NULL COMMENT '自动登录key',
  `password_hash` varchar(255) NOT NULL COMMENT '加密密码',
  `password_reset_token` varchar(255) DEFAULT NULL COMMENT '重置密码token',
  `email_validate_token` varchar(255) DEFAULT NULL COMMENT '邮箱验证token',
  `email` varchar(255) NOT NULL COMMENT '邮箱',
  `role` smallint(6) NOT NULL DEFAULT '10' COMMENT '角色等级',
  `status` smallint(6) NOT NULL DEFAULT '10' COMMENT '状态',
  `avatar` varchar(255) DEFAULT NULL COMMENT '头像',
  `vip_lv` int(11) DEFAULT '0' COMMENT 'vip等级',
  `created_at` int(11) NOT NULL COMMENT '创建时间',
  `updated_at` int(11) NOT NULL,
  PRIMARY KEY (`id`)
) ENGINE=InnoDB AUTO_INCREMENT=563 DEFAULT CHARSET=utf8 COMMENT='会员表';

-- ----------------------------
-- Records of user
-- ----------------------------
INSERT INTO `user` VALUES ('560', 'text', 'Mra8gIuhauf-Jlhf1WPtoaIGPmeAXnFQ', '$2y$13$Kwo5.hhXFSUWV7Ltwc9hfeCH6XMc3Wld5cxidxTg1TIxq9qDpQcT2', null, null, '617588782@qq.com', '10', '10', null, '0', '1514880651', '1516698186');
INSERT INTO `user` VALUES ('561', 'test', 'qfY_PIVvBDc22BlInsTydnBhjI6nzajZ', '$2y$13$f.3v3XwWU44PNk4yKb5AsudKEdbWt2op/zTgp4m8kNZ2AELAOJRPK', null, null, '12315@qq.com', '10', '10', null, '0', '1514886660', '1514886660');
INSERT INTO `user` VALUES ('562', 'test01', 'QTdEAywiEmuBCYM_-TvT71sdQeR13uXK', '$2y$13$qx.WKwtO4.9zb0KkyMIMtOfcGjtijl5Lu.LRuEPbHuD3lsJlpwMBy', null, null, '6175887821@qq.com', '10', '10', null, '0', '1515401728', '1515401728');
